region,date,trapline,habitat_code,traps_set,false_trigger,traps_available,mice_caught
eastern_downs,17/3/2008,10,16,20,2,18,0
eastern_downs,17/3/2008,11,2,20,0,20,0
eastern_downs,17/3/2008,12,54,20,4,16,0
eastern_downs,17/3/2008,13,80,20,0,20,0
eastern_downs,17/3/2008,14,13,20,0,20,1
eastern_downs,17/3/2008,15,54,20,2,18,0
eastern_downs,17/3/2008,21,94,20,0,20,0
eastern_downs,17/3/2008,22,54,20,0,20,0
eastern_downs,12/5/2008,1,18,20,11,9,4
eastern_downs,12/5/2008,2,63,20,14,6,3
eastern_downs,12/5/2008,5,43,20,3,17,10
eastern_downs,12/5/2008,6,94,20,1,19,5
eastern_downs,12/5/2008,8,33,20,5,15,9
eastern_downs,12/5/2008,9,54,20,1,19,0
eastern_downs,12/5/2008,10,94,20,2,18,0
eastern_downs,12/5/2008,11,26,20,0,20,3
eastern_downs,12/5/2008,12,54,20,6,14,9
eastern_downs,12/5/2008,13,80,20,2,18,1
eastern_downs,12/5/2008,14,94,20,0,20,1
eastern_downs,12/5/2008,15,33,20,5,15,9
eastern_downs,12/5/2008,21,51,20,1,19,0
eastern_downs,12/5/2008,22,94,20,2,18,0
eastern_downs,5/8/2008,1,55,20,2,18,8
eastern_downs,5/8/2008,2,28,20,3,17,3
eastern_downs,5/8/2008,5,7,20,4,16,11
eastern_downs,5/8/2008,6,54,20,1,19,1
eastern_downs,5/8/2008,8,54,20,5,15,8
eastern_downs,5/8/2008,9,33,20,6,14,13
eastern_downs,5/8/2008,10,36,20,0,20,0
eastern_downs,5/8/2008,11,54,20,1,19,0
eastern_downs,5/8/2008,12,54,20,1,19,1
eastern_downs,5/8/2008,13,51,20,0,20,0
eastern_downs,5/8/2008,14,43,20,0,20,12
eastern_downs,5/8/2008,15,54,20,1,19,4
eastern_downs,5/8/2008,19,54,20,2,18,0
eastern_downs,5/8/2008,20,33,20,1,19,8
eastern_downs,5/8/2008,21,54,20,2,18,0
eastern_downs,5/8/2008,22,7,20,0,20,0
northern_downs,19/6/2003,1,7,10,0,10,0
northern_downs,19/6/2003,2,94,10,0,10,0
northern_downs,19/6/2003,3,7,10,3,7,0
northern_downs,19/6/2003,4,94,10,0,10,0
northern_downs,19/6/2003,5,52,10,0,10,1
northern_downs,19/6/2003,6,94,10,0,10,0
northern_downs,19/6/2003,7,4,10,0,10,1
northern_downs,19/6/2003,8,54,10,0,10,3
northern_downs,19/6/2003,15,43,10,0,10,0
northern_downs,19/6/2003,16,4,10,1,9,0
northern_downs,19/6/2003,13,37,10,0,10,0
northern_downs,19/6/2003,14,54,10,0,10,0
northern_downs,19/6/2003,11,7,10,0,10,0
northern_downs,19/6/2003,12,54,10,0,10,3
northern_downs,7/8/2003,5,7,20,4,16,9
northern_downs,7/8/2003,6,94,20,5,15,5
northern_downs,7/8/2003,3,7,20,7,13,7
northern_downs,7/8/2003,4,54,20,2,18,6
northern_downs,7/8/2003,7,2,20,4,16,10
northern_downs,7/8/2003,8,54,20,3,17,12
northern_downs,14/10/2003,16,11,20,0,20,0
northern_downs,14/10/2003,15,6,20,2,18,0
northern_downs,14/10/2003,14,55,20,0,20,0
northern_downs,14/10/2003,13,11,20,1,19,2
northern_downs,14/10/2003,12,54,20,1,19,0
northern_downs,14/10/2003,11,11,20,0,20,0
northern_downs,14/10/2003,10,41,20,0,20,0
northern_downs,14/10/2003,9,17,20,2,18,0
northern_downs,14/10/2003,6,54,20,0,20,0
northern_downs,14/10/2003,5,11,20,1,19,0
northern_downs,18/12/2003,15,41,20,2,18,0
northern_downs,18/12/2003,16,54,20,1,19,0
northern_downs,18/12/2003,14,54,20,0,20,0
northern_downs,18/12/2003,13,5,20,0,20,0
northern_downs,18/12/2003,12,27,20,4,16,1
northern_downs,18/12/2003,11,54,20,2,18,5
northern_downs,18/12/2003,10,3,20,3,17,3
northern_downs,18/12/2003,9,54,20,0,20,0
northern_downs,18/12/2003,8,54,20,0,20,3
northern_downs,18/12/2003,7,54,20,3,17,8
northern_downs,18/12/2003,6,37,20,0,20,1
northern_downs,18/12/2003,5,94,20,0,20,0
northern_downs,18/12/2003,4,94,20,1,19,1
northern_downs,18/12/2003,3,37,20,0,20,0
northern_downs,18/12/2003,2,37,20,2,18,8
northern_downs,18/12/2003,1,54,20,1,19,7
northern_downs,18/12/2003,D,37,20,2,18,3
northern_downs,18/12/2003,C,54,20,0,20,0
northern_downs,18/12/2003,B,33,20,2,18,0
northern_downs,18/12/2003,A,54,20,2,18,6
northern_downs,12/7/2004,5,37,20,0,20,1
northern_downs,12/7/2004,6,94,20,0,20,0
northern_downs,12/7/2004,3,1,20,3,17,0
northern_downs,12/7/2004,4,54,20,2,18,1
northern_downs,12/7/2004,7,54,20,3,17,2
northern_downs,12/7/2004,8,60,20,0,20,4
northern_downs,12/7/2004,9,33,20,1,19,1
northern_downs,12/7/2004,10,94,20,0,20,1
northern_downs,12/7/2004,13,33,20,1,19,1
northern_downs,12/7/2004,14,94,20,4,16,0
northern_downs,3/6/2005,3,33,20,3,17,9
northern_downs,3/6/2005,4,54,20,1,19,0
northern_downs,3/6/2005,5,43,20,2,18,4
northern_downs,3/6/2005,6,94,20,3,17,0
northern_downs,3/6/2005,7,60,20,3,17,3
northern_downs,3/6/2005,8,60,20,1,19,0
northern_downs,3/6/2005,9,33,20,2,18,6
northern_downs,3/6/2005,10,94,20,1,19,0
northern_downs,3/6/2005,11,33,20,0,20,0
northern_downs,3/6/2005,12,54,20,3,17,2
northern_downs,3/6/2005,14,55,20,2,18,0
northern_downs,28/9/2005,5,11,20,3,17,2
northern_downs,28/9/2005,6,94,20,2,18,0
northern_downs,28/9/2005,4,54,20,1,19,0
northern_downs,28/9/2005,3,33,20,0,20,0
northern_downs,28/9/2005,8,60,20,1,19,0
northern_downs,28/9/2005,7,60,20,0,20,1
northern_downs,28/9/2005,10,94,20,1,19,0
northern_downs,28/9/2005,9,17,20,0,20,1
northern_downs,28/9/2005,12,54,20,0,20,1
northern_downs,28/9/2005,11,47,20,1,19,0
northern_downs,28/9/2005,14,94,20,0,20,0
northern_downs,28/9/2005,13,11,20,1,19,1
northern_downs,21/11/2006,5,54,20,2,18,4
northern_downs,21/11/2006,6,47,20,0,20,1
northern_downs,21/11/2006,3,33,20,0,20,8
northern_downs,21/11/2006,4,94,20,5,15,5
northern_downs,21/11/2006,1,47,20,0,20,0
northern_downs,21/11/2006,2,94,20,2,18,2
northern_downs,21/11/2006,7,94,20,3,17,5
northern_downs,21/11/2006,8,33,20,2,18,8
northern_downs,19/12/2006,A,33,20,1,19,4
northern_downs,19/12/2006,B,54,20,4,16,1
northern_downs,19/12/2006,C,33,20,2,18,2
northern_downs,19/12/2006,D,94,20,6,14,0
northern_downs,19/12/2006,1,33,20,0,20,0
northern_downs,19/12/2006,2,94,20,0,20,0
northern_downs,19/12/2006,3,3,20,2,18,4
northern_downs,19/12/2006,4,54,20,2,18,0
northern_downs,19/12/2006,5,54,20,2,18,5
northern_downs,19/12/2006,6,94,20,0,20,0
northern_downs,19/12/2006,7,33,20,1,19,5
northern_downs,19/12/2006,8,54,20,2,18,2
northern_downs,19/12/2006,9,33,20,6,14,3
northern_downs,19/12/2006,10,52,20,3,17,0
northern_downs,19/12/2006,11,54,20,2,18,2
northern_downs,19/12/2006,12,33,20,2,18,3
northern_downs,19/12/2006,13,33,20,1,19,4
northern_downs,19/12/2006,14,51,20,6,14,1
northern_downs,19/12/2006,15,51,20,3,17,0
northern_downs,19/12/2006,16,5,20,3,17,1
northern_downs,27/3/2007,A,33,20,0,20,0
northern_downs,27/3/2007,B,54,19,1,18,1
northern_downs,27/3/2007,C,13,20,2,18,0
northern_downs,27/3/2007,D,33,19,0,19,0
northern_downs,27/3/2007,1,94,20,0,20,0
northern_downs,27/3/2007,2,33,19,2,17,0
northern_downs,27/3/2007,3,13,20,0,20,0
northern_downs,27/3/2007,4,33,19,0,19,0
northern_downs,27/3/2007,5,54,20,0,20,0
northern_downs,27/3/2007,6,94,20,1,19,0
northern_downs,27/3/2007,7,54,19,0,19,0
northern_downs,27/3/2007,8,21,19,0,19,0
northern_downs,27/3/2007,9,94,19,1,18,1
northern_downs,27/3/2007,10,33,19,2,17,1
northern_downs,27/3/2007,11,54,19,0,19,0
northern_downs,27/3/2007,12,33,19,1,18,0
northern_downs,27/3/2007,13,33,20,2,18,0
northern_downs,27/3/2007,14,41,20,1,19,0
northern_downs,27/3/2007,15,51,20,1,19,0
northern_downs,27/3/2007,16,94,21,2,19,0
northern_downs,15/5/2007,A,33,20,2,18,0
northern_downs,15/5/2007,B,54,20,1,19,2
northern_downs,15/5/2007,C,33,20,0,20,0
northern_downs,15/5/2007,D,13,20,16,4,0
northern_downs,15/5/2007,1,52,20,0,20,0
northern_downs,15/5/2007,2,54,20,3,17,0
northern_downs,15/5/2007,3,33,20,0,20,5
northern_downs,15/5/2007,4,55,20,2,18,0
northern_downs,15/5/2007,5,60,20,5,15,0
northern_downs,15/5/2007,6,94,20,1,19,0
northern_downs,15/5/2007,7,33,20,1,19,0
northern_downs,15/5/2007,8,58,20,0,20,0
northern_downs,15/5/2007,9,51,20,0,20,0
northern_downs,15/5/2007,10,33,20,2,18,2
northern_downs,15/5/2007,11,33,20,2,18,0
northern_downs,15/5/2007,12,54,20,2,18,0
northern_downs,15/5/2007,13,33,20,2,18,0
northern_downs,15/5/2007,14,43,20,1,19,0
northern_downs,15/5/2007,15,45,20,1,19,0
northern_downs,15/5/2007,16,33,20,0,20,0
northern_downs,19/9/2007,17,17,20,0,20,0
northern_downs,19/9/2007,18,54,20,1,19,0
northern_downs,19/9/2007,19,54,20,2,18,2
northern_downs,19/9/2007,20,43,20,0,20,0
northern_downs,19/9/2007,1,7,20,1,19,0
northern_downs,19/9/2007,2,43,20,1,19,0
northern_downs,19/9/2007,3,7,20,0,20,2
northern_downs,19/9/2007,4,43,20,0,20,0
northern_downs,19/9/2007,5,60,20,1,19,0
northern_downs,19/9/2007,6,7,20,0,20,0
northern_downs,19/9/2007,7,54,20,1,19,0
northern_downs,19/9/2007,8,7,20,1,19,1
northern_downs,19/9/2007,9,7,20,0,20,0
northern_downs,19/9/2007,10,12,20,0,20,0
northern_downs,19/9/2007,11,54,20,1,19,0
northern_downs,19/9/2007,12,43,20,0,20,0
northern_downs,19/9/2007,13,94,20,1,19,0
northern_downs,19/9/2007,14,17,20,0,20,0
northern_downs,19/9/2007,15,94,20,1,19,0
northern_downs,19/9/2007,16,7,20,0,20,1
northern_downs,14/11/2007,1,94,20,1,19,0
northern_downs,14/11/2007,2,3,20,0,20,0
northern_downs,14/11/2007,3,54,20,3,17,2
northern_downs,14/11/2007,4,37,20,0,20,0
northern_downs,14/11/2007,5,94,20,0,20,0
northern_downs,14/11/2007,6,21,20,1,19,0
northern_downs,14/11/2007,7,37,20,0,20,0
northern_downs,14/11/2007,8,54,20,0,20,0
northern_downs,14/11/2007,9,32,20,0,20,0
northern_downs,14/11/2007,10,3,20,0,20,0
northern_downs,14/11/2007,11,3,20,0,20,0
northern_downs,14/11/2007,12,56,20,1,19,0
northern_downs,14/11/2007,13,54,20,2,18,0
northern_downs,14/11/2007,14,37,20,0,20,0
northern_downs,14/11/2007,15,3,20,0,20,0
northern_downs,14/11/2007,16,54,20,0,20,0
northern_downs,14/11/2007,17,54,20,2,18,0
northern_downs,14/11/2007,18,37,20,0,20,0
northern_downs,14/11/2007,19,54,20,0,20,0
northern_downs,14/11/2007,20,43,20,2,18,0
northern_downs,19/3/2008,15,33,20,0,20,0
northern_downs,19/3/2008,16,54,20,0,20,0
northern_downs,19/3/2008,13,13,20,1,19,0
northern_downs,19/3/2008,14,31,20,0,20,0
northern_downs,19/3/2008,11,54,20,3,17,0
northern_downs,19/3/2008,12,33,20,1,19,0
northern_downs,19/3/2008,9,13,20,0,20,0
northern_downs,19/3/2008,10,31,20,9,11,0
northern_downs,19/3/2008,7,54,20,3,17,3
northern_downs,19/3/2008,8,31,20,2,18,0
northern_downs,19/3/2008,3,54,20,3,17,0
northern_downs,19/3/2008,4,13,20,3,17,0
northern_downs,19/3/2008,1,54,20,2,18,1
northern_downs,19/3/2008,2,33,20,4,16,0
central_downs,18/12/2001,1,5,20,0,20,0
central_downs,18/12/2001,2,54,20,0,20,1
central_downs,18/12/2001,5,54,20,0,20,0
central_downs,18/12/2001,6,5,20,2,18,0
central_downs,18/12/2001,7,5,20,0,20,0
central_downs,18/12/2001,10,54,20,0,20,0
central_downs,18/12/2001,11,6,20,0,20,0
central_downs,18/12/2001,14,5,20,1,19,0
central_downs,18/12/2001,18,54,20,0,20,0
central_downs,18/12/2001,19,5,20,1,19,0
central_downs,18/12/2001,22,94,20,1,19,0
central_downs,18/12/2001,23,31,20,0,20,0
central_downs,18/12/2001,27,54,20,1,19,0
central_downs,18/12/2001,28,3,20,0,20,0
central_downs,18/12/2001,31,31,20,1,19,0
central_downs,18/12/2001,32,5,20,0,20,0
central_downs,18/12/2001,35,94,20,0,20,0
central_downs,18/12/2001,36,37,20,1,19,0
central_downs,18/12/2001,40,57,20,0,20,0
central_downs,18/12/2001,41,4,20,0,20,0
central_downs,18/12/2001,44,94,20,2,18,0
central_downs,18/12/2001,45,3,20,1,19,0
central_downs,18/12/2001,29,94,20,0,20,0
central_downs,18/12/2001,30,54,20,1,19,0
central_downs,18/12/2001,33,5,20,1,19,0
central_downs,18/12/2001,34,33,20,0,20,0
central_downs,18/12/2001,3,54,20,1,19,0
central_downs,18/12/2001,4,37,20,3,17,3
central_downs,18/12/2001,8,55,20,2,18,0
central_downs,18/12/2001,9,4,20,1,19,0
central_downs,18/12/2001,12,55,20,1,19,1
central_downs,18/12/2001,13,5,20,1,19,0
central_downs,18/12/2001,20,54,20,2,18,0
central_downs,18/12/2001,21,12,20,0,20,0
central_downs,18/12/2001,25,55,20,3,17,0
central_downs,18/12/2001,26,15,20,0,20,0
central_downs,18/12/2001,37,94,20,1,19,0
central_downs,18/12/2001,39,37,20,0,20,0
central_downs,18/12/2001,42,94,20,1,19,0
central_downs,18/12/2001,43,3,20,0,20,2
central_downs,18/12/2001,46,94,20,0,20,0
central_downs,18/12/2001,47,66,20,2,18,0
central_downs,19/3/2002,3,54,20,0,20,0
central_downs,19/3/2002,4,54,20,0,20,0
central_downs,19/3/2002,8,55,20,0,20,0
central_downs,19/3/2002,9,14,20,1,19,0
central_downs,19/3/2002,12,55,20,1,19,0
central_downs,19/3/2002,13,16,20,0,20,0
central_downs,19/3/2002,18,55,20,0,20,0
central_downs,19/3/2002,19,15,20,1,19,0
central_downs,19/3/2002,22,54,20,0,20,0
central_downs,19/3/2002,23,14,20,0,20,0
central_downs,19/3/2002,24,15,20,0,20,0
central_downs,19/3/2002,27,54,20,0,20,0
central_downs,19/3/2002,28,15,20,1,19,0
central_downs,19/3/2002,35,54,20,0,20,0
central_downs,19/3/2002,36,51,20,1,19,0
central_downs,19/3/2002,37,54,20,0,20,0
central_downs,19/3/2002,38,44,20,0,20,0
central_downs,19/3/2002,39,52,20,0,20,0
central_downs,19/3/2002,42,55,20,1,19,0
central_downs,19/3/2002,43,51,20,0,20,0
central_downs,19/3/2002,46,54,20,0,20,1
central_downs,19/3/2002,47,61,20,1,19,1
central_downs,19/3/2002,1,15,20,0,20,1
central_downs,19/3/2002,2,94,20,1,19,0
central_downs,19/3/2002,5,54,20,2,18,0
central_downs,19/3/2002,6,15,20,0,20,0
central_downs,19/3/2002,10,54,20,2,18,0
central_downs,19/3/2002,11,16,20,0,20,0
central_downs,19/3/2002,15,15,20,0,20,0
central_downs,19/3/2002,16,15,20,1,19,1
central_downs,19/3/2002,20,94,20,0,20,0
central_downs,19/3/2002,21,54,20,0,20,0
central_downs,19/3/2002,25,22,20,0,20,0
central_downs,19/3/2002,26,15,20,1,19,0
central_downs,19/3/2002,29,94,20,1,19,2
central_downs,19/3/2002,30,54,20,0,20,0
central_downs,19/3/2002,31,32,20,1,19,0
central_downs,19/3/2002,32,15,20,0,20,0
central_downs,19/3/2002,33,32,20,0,20,0
central_downs,19/3/2002,34,94,20,0,20,0
central_downs,19/3/2002,40,35,20,0,20,0
central_downs,19/3/2002,41,43,20,0,20,0
central_downs,19/3/2002,44,94,20,0,20,0
central_downs,19/3/2002,45,16,19,0,19,0
central_downs,11/6/2002,3,54,20,0,20,1
central_downs,11/6/2002,4,37,20,1,19,0
central_downs,11/6/2002,8,54,20,0,20,2
central_downs,11/6/2002,9,51,20,0,20,3
central_downs,11/6/2002,15,51,20,1,19,0
central_downs,11/6/2002,17,51,20,1,19,1
central_downs,11/6/2002,20,54,20,2,18,4
central_downs,11/6/2002,21,51,20,0,20,0
central_downs,11/6/2002,25,51,20,2,18,1
central_downs,11/6/2002,26,54,20,2,18,1
central_downs,11/6/2002,27,54,20,0,20,0
central_downs,11/6/2002,28,45,20,0,20,1
central_downs,11/6/2002,31,34,20,2,18,7
central_downs,11/6/2002,32,45,20,0,20,0
central_downs,11/6/2002,35,54,20,1,19,0
central_downs,11/6/2002,36,46,20,2,18,0
central_downs,11/6/2002,40,94,20,0,20,0
central_downs,11/6/2002,41,43,20,1,19,1
central_downs,11/6/2002,44,54,20,0,20,2
central_downs,11/6/2002,45,51,20,2,18,0
central_downs,11/7/2002,1,45,20,1,19,0
central_downs,11/7/2002,2,94,20,0,20,0
central_downs,11/7/2002,5,94,20,0,20,0
central_downs,11/7/2002,6,51,20,1,19,0
central_downs,11/7/2002,7,51,20,0,20,0
central_downs,11/7/2002,10,94,20,0,20,0
central_downs,11/7/2002,11,46,20,0,20,0
central_downs,11/7/2002,15,51,19,0,19,1
central_downs,11/7/2002,17,51,20,1,19,4
central_downs,11/7/2002,20,94,20,1,19,1
central_downs,11/7/2002,21,2,20,0,20,0
central_downs,11/7/2002,22,54,20,1,19,0
central_downs,11/7/2002,23,32,20,0,20,0
central_downs,11/7/2002,29,51,20,0,20,0
central_downs,11/7/2002,30,57,20,0,20,0
central_downs,11/7/2002,31,32,20,1,19,1
central_downs,11/7/2002,32,51,20,0,20,0
central_downs,11/7/2002,33,32,20,0,20,1
central_downs,11/7/2002,34,52,20,0,20,0
central_downs,11/7/2002,40,94,20,0,20,0
central_downs,11/7/2002,41,32,20,0,20,0
central_downs,11/7/2002,44,55,20,0,20,0
central_downs,11/7/2002,45,33,20,3,17,1
central_downs,11/7/2002,3,55,20,1,19,0
central_downs,11/7/2002,4,31,20,1,19,0
central_downs,11/7/2002,8,54,20,0,20,6
central_downs,11/7/2002,9,45,20,0,20,0
central_downs,11/7/2002,12,54,20,0,20,0
central_downs,11/7/2002,13,45,20,1,19,1
central_downs,11/7/2002,14,45,20,0,20,0
central_downs,11/7/2002,18,54,20,0,20,0
central_downs,11/7/2002,19,45,20,1,19,1
central_downs,11/7/2002,25,54,20,1,19,0
central_downs,11/7/2002,26,46,20,0,20,1
central_downs,11/7/2002,24,46,20,0,20,3
central_downs,11/7/2002,27,54,20,0,20,1
central_downs,11/7/2002,28,46,20,1,19,4
central_downs,11/7/2002,35,54,20,1,19,0
central_downs,11/7/2002,36,46,20,1,19,0
central_downs,11/7/2002,38,7,20,0,20,1
central_downs,11/7/2002,39,46,20,0,20,0
central_downs,11/7/2002,42,54,20,5,15,1
central_downs,11/7/2002,43,46,20,2,18,0
central_downs,11/7/2002,46,54,20,2,18,0
central_downs,11/7/2002,47,60,20,2,18,0
central_downs,8/10/2002,1,52,20,0,20,0
central_downs,8/10/2002,2,94,20,0,20,0
central_downs,8/10/2002,5,94,20,1,19,0
central_downs,8/10/2002,6,52,20,0,20,0
central_downs,8/10/2002,7,52,20,1,19,0
central_downs,8/10/2002,10,94,20,1,19,0
central_downs,8/10/2002,11,46,20,1,19,0
central_downs,8/10/2002,15,52,20,0,20,0
central_downs,8/10/2002,17,52,20,2,18,0
central_downs,8/10/2002,20,57,20,0,20,0
central_downs,8/10/2002,21,12,20,1,19,0
central_downs,8/10/2002,25,94,20,3,17,1
central_downs,8/10/2002,26,51,20,0,20,0
central_downs,8/10/2002,29,94,20,0,20,0
central_downs,8/10/2002,30,19,20,1,19,5
central_downs,8/10/2002,31,52,20,0,20,0
central_downs,8/10/2002,32,45,20,0,20,0
central_downs,8/10/2002,35,94,20,0,20,0
central_downs,8/10/2002,36,45,20,0,20,0
central_downs,8/10/2002,40,17,20,0,20,1
central_downs,8/10/2002,41,94,20,0,20,0
central_downs,8/10/2002,44,54,20,3,17,0
central_downs,8/10/2002,45,12,20,1,19,0
central_downs,14/1/2003,33,54,20,0,20,0
central_downs,14/1/2003,4,51,20,2,18,0
central_downs,14/1/2003,8,94,20,2,18,0
central_downs,14/1/2003,9,6,20,5,15,1
central_downs,14/1/2003,12,54,20,0,20,0
central_downs,14/1/2003,13,5,20,1,19,2
central_downs,14/1/2003,16,54,20,1,19,0
central_downs,14/1/2003,18,94,20,4,16,0
central_downs,14/1/2003,19,5,20,1,19,0
central_downs,14/1/2003,22,54,20,8,12,1
central_downs,14/1/2003,23,51,20,1,19,0
central_downs,14/1/2003,24,13,20,0,20,7
central_downs,14/1/2003,27,94,20,4,16,0
central_downs,14/1/2003,28,3,20,0,20,1
central_downs,14/1/2003,35,54,20,2,18,0
central_downs,14/1/2003,36,36,20,0,20,0
central_downs,14/1/2003,37,55,20,0,20,2
central_downs,14/1/2003,38,49,20,1,19,4
central_downs,14/1/2003,39,13,20,0,20,3
central_downs,14/1/2003,42,47,20,1,19,6
central_downs,14/1/2003,43,39,20,0,20,2
central_downs,14/1/2003,46,54,20,5,15,0
central_downs,14/1/2003,47,60,20,1,19,0
central_downs,14/1/2003,1,54,20,0,20,0
central_downs,14/1/2003,2,94,20,0,20,0
central_downs,14/1/2003,5,4,20,0,20,0
central_downs,14/1/2003,6,95,20,3,17,0
central_downs,14/1/2003,7,16,20,1,19,3
central_downs,14/1/2003,10,94,20,1,19,0
central_downs,14/1/2003,11,51,20,4,16,0
central_downs,14/1/2003,15,15,20,0,20,1
central_downs,14/1/2003,17,15,20,1,19,0
central_downs,14/1/2003,20,54,20,2,18,0
central_downs,14/1/2003,21,51,20,1,19,2
central_downs,14/1/2003,25,54,20,2,18,0
central_downs,14/1/2003,26,13,20,0,20,4
central_downs,14/1/2003,29,51,20,0,20,3
central_downs,14/1/2003,30,54,20,1,19,2
central_downs,14/1/2003,31,3,20,1,19,2
central_downs,14/1/2003,32,52,20,0,20,0
central_downs,14/1/2003,33,3,20,0,20,1
central_downs,14/1/2003,34,94,20,5,15,3
central_downs,14/1/2003,44,54,20,5,15,6
central_downs,14/1/2003,45,13,19,0,19,2
central_downs,14/1/2003,45,31,20,0,20,2
central_downs,14/1/2003,35,94,20,2,18,2
central_downs,14/1/2003,36,13,20,2,18,10
central_downs,12/3/2003,1,3,20,0,20,1
central_downs,12/3/2003,2,94,20,0,20,1
central_downs,12/3/2003,5,54,20,2,18,0
central_downs,12/3/2003,6,3,18,3,15,0
central_downs,12/3/2003,7,26,20,2,18,0
central_downs,12/3/2003,10,54,20,2,18,5
central_downs,12/3/2003,11,13,20,0,20,0
central_downs,12/3/2003,15,15,20,2,18,1
central_downs,12/3/2003,17,15,20,2,18,3
central_downs,12/3/2003,20,54,20,3,17,9
central_downs,12/3/2003,21,52,20,2,18,0
central_downs,12/3/2003,25,94,20,2,18,0
central_downs,12/3/2003,26,33,20,0,20,7
central_downs,12/3/2003,29,54,20,2,18,2
central_downs,12/3/2003,30,13,20,4,16,7
central_downs,12/3/2003,31,51,20,0,20,2
central_downs,12/3/2003,32,13,20,4,16,8
central_downs,12/3/2003,35,94,20,0,20,1
central_downs,12/3/2003,36,33,20,0,20,5
central_downs,12/3/2003,40,94,20,1,19,0
central_downs,12/3/2003,41,13,20,0,20,0
central_downs,12/3/2003,44,54,20,1,19,3
central_downs,12/3/2003,45,33,20,1,19,0
central_downs,9/4/2003,44,94,20,0,20,0
central_downs,9/4/2003,45,32,20,0,20,0
central_downs,9/4/2003,40,94,20,0,20,0
central_downs,9/4/2003,41,13,20,1,19,2
central_downs,9/4/2003,35,94,20,0,20,0
central_downs,9/4/2003,36,42,20,0,20,0
central_downs,9/4/2003,31,52,20,0,20,2
central_downs,9/4/2003,32,13,20,2,18,5
central_downs,9/4/2003,29,94,20,2,18,0
central_downs,9/4/2003,30,13,20,5,15,6
central_downs,9/4/2003,25,94,20,0,20,0
central_downs,9/4/2003,26,33,20,4,16,9
central_downs,9/4/2003,20,54,20,0,20,0
central_downs,9/4/2003,21,52,20,1,19,0
central_downs,9/4/2003,10,54,20,1,19,4
central_downs,9/4/2003,11,13,20,0,20,0
central_downs,9/4/2003,5,54,20,6,14,2
central_downs,9/4/2003,6,13,20,4,16,0
central_downs,9/4/2003,1,13,20,2,18,0
central_downs,9/4/2003,2,54,20,2,18,0
central_downs,19/5/2003,1,13,20,0,20,0
central_downs,19/5/2003,2,94,20,1,19,0
central_downs,19/5/2003,5,94,20,0,20,0
central_downs,19/5/2003,6,13,20,4,16,2
central_downs,19/5/2003,10,94,20,0,20,0
central_downs,19/5/2003,11,13,20,0,20,7
central_downs,19/5/2003,15,1,20,0,20,0
central_downs,19/5/2003,17,51,20,0,20,2
central_downs,19/5/2003,20,54,20,3,17,7
central_downs,19/5/2003,21,51,20,1,19,0
central_downs,19/5/2003,25,94,20,0,20,0
central_downs,19/5/2003,26,33,20,2,18,6
central_downs,19/5/2003,29,54,20,8,12,10
central_downs,19/5/2003,30,95,20,2,18,0
central_downs,19/5/2003,31,52,20,0,20,0
central_downs,19/5/2003,32,52,20,0,20,2
central_downs,19/5/2003,33,52,20,0,20,0
central_downs,19/5/2003,34,33,20,5,15,5
central_downs,19/5/2003,40,94,20,1,19,0
central_downs,19/5/2003,41,13,20,2,18,5
central_downs,19/5/2003,44,94,20,1,19,0
central_downs,19/5/2003,45,51,20,0,20,0
central_downs,16/6/2003,1,43,10,0,10,0
central_downs,16/6/2003,2,94,10,0,10,1
central_downs,16/6/2003,5,54,10,0,10,1
central_downs,16/6/2003,6,7,10,0,10,0
central_downs,16/6/2003,7,52,10,0,10,0
central_downs,16/6/2003,10,54,10,6,4,0
central_downs,16/6/2003,11,33,10,0,10,3
central_downs,16/6/2003,20,54,10,0,10,1
central_downs,16/6/2003,21,13,10,1,9,2
central_downs,16/6/2003,25,13,10,1,9,7
central_downs,16/6/2003,26,57,10,0,10,0
central_downs,16/6/2003,44,54,10,0,10,1
central_downs,16/6/2003,45,7,10,0,10,1
central_downs,16/6/2003,42,94,10,0,10,0
central_downs,16/6/2003,43,33,10,0,10,1
central_downs,16/6/2003,40,94,10,0,10,4
central_downs,16/6/2003,41,33,10,7,3,0
central_downs,16/6/2003,29,54,10,0,10,2
central_downs,16/6/2003,30,94,10,0,10,0
central_downs,16/6/2003,31,52,10,0,10,0
central_downs,16/6/2003,32,45,10,2,8,8
central_downs,16/6/2003,33,52,10,0,10,0
central_downs,16/6/2003,34,33,10,1,9,6
central_downs,16/7/2003,1,33,20,2,18,11
central_downs,16/7/2003,2,94,20,1,19,1
central_downs,16/7/2003,5,94,20,2,18,0
central_downs,16/7/2003,6,33,20,4,16,7
central_downs,16/7/2003,8,94,20,5,15,0
central_downs,16/7/2003,9,33,20,4,16,6
central_downs,16/7/2003,15,17,20,3,17,13
central_downs,16/7/2003,17,7,20,4,16,10
central_downs,16/7/2003,20,94,20,4,16,0
central_downs,16/7/2003,21,52,20,0,20,1
central_downs,16/7/2003,25,94,20,2,18,6
central_downs,16/7/2003,26,33,20,2,18,4
central_downs,16/7/2003,22,7,20,2,18,0
central_downs,16/7/2003,23,51,20,0,20,0
central_downs,16/7/2003,29,54,20,5,15,8
central_downs,16/7/2003,30,33,20,7,13,5
central_downs,16/7/2003,35,94,20,2,18,4
central_downs,16/7/2003,36,7,20,3,17,3
central_downs,16/7/2003,40,94,20,5,15,2
central_downs,16/7/2003,41,33,20,11,9,0
central_downs,22/9/2003,47,54,20,1,19,0
central_downs,22/9/2003,46,53,20,4,16,0
central_downs,22/9/2003,45,17,20,5,15,8
central_downs,22/9/2003,44,94,20,1,19,1
central_downs,22/9/2003,43,17,20,6,14,0
central_downs,22/9/2003,42,94,20,2,18,0
central_downs,22/9/2003,41,33,20,0,20,0
central_downs,22/9/2003,40,54,20,3,17,0
central_downs,22/9/2003,38,12,20,0,20,4
central_downs,22/9/2003,37,12,20,0,20,0
central_downs,22/9/2003,36,33,20,1,19,1
central_downs,22/9/2003,35,54,20,3,17,0
central_downs,22/9/2003,1,33,20,2,18,3
central_downs,22/9/2003,2,94,20,3,17,0
central_downs,22/9/2003,5,94,20,1,19,1
central_downs,22/9/2003,6,33,20,1,19,0
central_downs,22/9/2003,10,94,20,0,20,0
central_downs,22/9/2003,11,33,20,1,19,1
central_downs,22/9/2003,15,40,20,0,20,2
central_downs,22/9/2003,17,11,20,0,20,0
central_downs,22/9/2003,20,54,20,1,19,1
central_downs,22/9/2003,21,52,19,1,18,0
central_downs,22/9/2003,25,94,20,0,20,0
central_downs,22/9/2003,26,33,20,0,20,0
central_downs,22/9/2003,29,54,20,1,19,6
central_downs,22/9/2003,30,51,20,1,19,0
central_downs,22/9/2003,31,11,20,1,19,1
central_downs,22/9/2003,32,52,20,0,20,0
central_downs,13/11/2003,47,67,20,3,17,1
central_downs,13/11/2003,46,54,20,0,20,0
central_downs,13/11/2003,45,6,20,0,20,0
central_downs,13/11/2003,44,94,20,0,20,0
central_downs,13/11/2003,41,33,20,0,20,0
central_downs,13/11/2003,40,6,20,0,20,0
central_downs,13/11/2003,39,12,20,0,20,0
central_downs,13/11/2003,37,12,20,1,19,0
central_downs,13/11/2003,28,17,20,3,17,0
central_downs,13/11/2003,27,54,20,1,19,1
central_downs,13/11/2003,22,21,20,2,18,0
central_downs,13/11/2003,21,,20,0,20,0
central_downs,13/11/2003,20,54,20,2,18,1
central_downs,13/11/2003,19,37,20,1,19,0
central_downs,13/11/2003,18,54,20,0,20,0
central_downs,17/12/2003,4,31,19,2,17,0
central_downs,17/12/2003,3,54,20,3,17,5
central_downs,17/12/2003,5,54,19,1,18,3
central_downs,17/12/2003,6,5,20,1,19,1
central_downs,17/12/2003,8,54,20,2,18,1
central_downs,17/12/2003,9,4,20,0,20,1
central_downs,17/12/2003,10,54,20,1,19,1
central_downs,17/12/2003,11,5,20,0,20,4
central_downs,17/12/2003,13,31,20,1,19,1
central_downs,17/12/2003,15,5,20,1,19,1
central_downs,17/12/2003,20,54,20,1,19,7
central_downs,17/12/2003,21,15,20,0,20,0
central_downs,17/12/2003,25,31,20,4,16,0
central_downs,17/12/2003,26,15,20,0,20,3
central_downs,17/12/2003,29,94,20,2,18,2
central_downs,17/12/2003,30,6,20,0,20,2
central_downs,17/12/2003,40,94,20,1,19,0
central_downs,17/12/2003,41,3,19,2,17,7
central_downs,17/12/2003,44,94,20,0,20,0
central_downs,17/12/2003,45,31,18,0,18,7
central_downs,24/2/2004,29,6,20,1,19,0
central_downs,24/2/2004,30,15,20,3,17,2
central_downs,24/2/2004,31,51,20,0,20,0
central_downs,24/2/2004,32,6,20,2,18,1
central_downs,24/2/2004,33,55,20,1,19,0
central_downs,24/2/2004,34,54,20,2,18,1
central_downs,24/2/2004,40,54,20,2,18,2
central_downs,24/2/2004,41,33,20,3,17,5
central_downs,24/2/2004,44,94,20,3,17,0
central_downs,24/2/2004,45,33,20,3,17,12
central_downs,24/2/2004,46,54,20,0,20,1
central_downs,24/2/2004,47,52,20,5,15,0
central_downs,24/2/2004,1,15,20,1,19,0
central_downs,24/2/2004,2,94,20,0,20,1
central_downs,24/2/2004,10,54,19,1,18,4
central_downs,24/2/2004,11,15,20,1,19,1
central_downs,24/2/2004,12,94,20,1,19,0
central_downs,24/2/2004,13,13,20,1,19,9
central_downs,24/2/2004,20,54,20,3,17,1
central_downs,24/2/2004,21,51,20,0,20,0
central_downs,24/2/2004,25,54,20,1,19,2
central_downs,24/2/2004,26,15,19,1,18,0
central_downs,24/2/2004,A,13,20,1,19,7
central_downs,24/2/2004,B,37,20,1,19,0
central_downs,2/6/2004,1,45,20,1,19,0
central_downs,2/6/2004,2,54,20,3,17,6
central_downs,2/6/2004,5,54,20,2,18,3
central_downs,2/6/2004,6,51,19,1,18,1
central_downs,2/6/2004,10,54,20,1,19,0
central_downs,2/6/2004,11,25,20,0,20,1
central_downs,2/6/2004,15,51,20,1,19,2
central_downs,2/6/2004,17,43,20,2,18,1
central_downs,2/6/2004,20,54,20,1,19,3
central_downs,2/6/2004,21,7,20,1,19,1
central_downs,2/6/2004,25,94,20,1,19,0
central_downs,2/6/2004,26,51,19,1,18,7
central_downs,2/6/2004,29,26,20,1,19,4
central_downs,2/6/2004,30,94,20,2,18,0
central_downs,2/6/2004,35,94,20,0,20,2
central_downs,2/6/2004,36,37,20,0,20,1
central_downs,2/6/2004,40,94,20,1,19,0
central_downs,2/6/2004,41,52,20,1,19,2
central_downs,2/6/2004,44,94,20,2,18,0
central_downs,2/6/2004,45,52,20,1,19,0
central_downs,15/7/2004,47,52,20,4,16,9
central_downs,15/7/2004,46,54,20,1,19,3
central_downs,15/7/2004,43,51,20,0,20,2
central_downs,15/7/2004,42,94,20,2,18,1
central_downs,15/7/2004,28,37,20,1,19,1
central_downs,15/7/2004,27,94,20,2,18,0
central_downs,15/7/2004,23,51,20,1,19,3
central_downs,15/7/2004,22,37,20,0,20,2
central_downs,15/7/2004,13,52,20,0,20,1
central_downs,15/7/2004,12,54,20,0,20,1
central_downs,15/7/2004,9,51,20,0,20,8
central_downs,15/7/2004,8,54,20,3,17,4
central_downs,27/9/2004,1,52,20,0,20,0
central_downs,27/9/2004,2,57,20,2,18,0
central_downs,27/9/2004,5,57,20,0,20,0
central_downs,27/9/2004,6,52,20,0,20,0
central_downs,27/9/2004,10,57,20,1,19,0
central_downs,27/9/2004,11,52,20,0,20,0
central_downs,27/9/2004,15,52,20,0,20,0
central_downs,27/9/2004,17,52,20,1,19,0
central_downs,27/9/2004,20,54,20,0,20,2
central_downs,27/9/2004,21,52,20,2,18,0
central_downs,27/9/2004,47,52,20,1,19,0
central_downs,27/9/2004,46,54,20,3,17,0
central_downs,27/9/2004,45,43,20,0,20,0
central_downs,27/9/2004,44,94,20,0,20,0
central_downs,27/9/2004,43,52,20,0,20,0
central_downs,27/9/2004,42,94,20,0,20,0
central_downs,27/9/2004,41,52,20,0,20,0
central_downs,27/9/2004,40,54,20,1,19,0
central_downs,27/9/2004,38,11,20,1,19,0
central_downs,27/9/2004,37,11,20,4,16,0
central_downs,27/9/2004,32,46,20,0,20,0
central_downs,27/9/2004,31,52,20,0,20,0
central_downs,27/9/2004,30,45,20,0,20,0
central_downs,27/9/2004,29,46,20,1,19,0
central_downs,27/9/2004,28,45,20,0,20,0
central_downs,27/9/2004,27,54,20,2,18,0
central_downs,27/9/2004,26,41,20,0,20,0
central_downs,27/9/2004,25,54,20,2,18,0
central_downs,20/12/2004,1,54,20,1,19,0
central_downs,20/12/2004,2,5,20,0,20,0
central_downs,20/12/2004,5,54,20,1,19,0
central_downs,20/12/2004,6,3,20,0,20,1
central_downs,20/12/2004,8,54,20,2,18,0
central_downs,20/12/2004,9,3,19,0,19,0
central_downs,20/12/2004,15,52,20,0,20,2
central_downs,20/12/2004,17,5,20,2,18,0
central_downs,20/12/2004,20,54,20,1,19,0
central_downs,20/12/2004,21,52,19,1,18,0
central_downs,20/12/2004,25,94,20,2,18,1
central_downs,20/12/2004,26,3,20,1,19,0
central_downs,20/12/2004,27,54,20,5,15,0
central_downs,20/12/2004,28,5,20,0,20,0
central_downs,20/12/2004,36,13,20,2,18,2
central_downs,20/12/2004,37,31,20,0,20,0
central_downs,20/12/2004,40,54,20,1,19,1
central_downs,20/12/2004,41,13,20,2,18,0
central_downs,20/12/2004,44,54,20,0,20,0
central_downs,20/12/2004,45,2,20,0,20,0
central_downs,20/12/2004,46,54,20,0,20,0
central_downs,20/12/2004,47,3,20,0,20,0
central_downs,10/3/2005,2,94,20,1,19,0
central_downs,10/3/2005,5,94,20,1,19,0
central_downs,10/3/2005,6,12,20,0,20,1
central_downs,10/3/2005,10,94,20,1,19,1
central_downs,10/3/2005,15,52,20,0,20,0
central_downs,10/3/2005,17,15,20,0,20,1
central_downs,10/3/2005,20,54,20,0,20,0
central_downs,10/3/2005,21,15,20,0,20,0
central_downs,10/3/2005,25,94,20,0,20,1
central_downs,10/3/2005,26,15,20,0,20,0
central_downs,10/3/2005,27,54,20,0,20,0
central_downs,10/3/2005,28,15,19,5,14,1
central_downs,10/3/2005,29,94,20,1,19,0
central_downs,10/3/2005,30,52,20,1,19,0
central_downs,10/3/2005,35,94,20,16,4,0
central_downs,10/3/2005,36,43,20,13,7,0
central_downs,10/3/2005,37,41,20,20,0,0
central_downs,10/3/2005,38,41,20,15,5,0
central_downs,10/3/2005,40,94,20,15,5,0
central_downs,10/3/2005,41,16,20,9,11,0
central_downs,10/3/2005,44,94,20,13,7,0
central_downs,10/3/2005,45,13,20,10,10,1
central_downs,10/3/2005,46,54,20,2,18,0
central_downs,23/5/2005,46,54,20,5,15,0
central_downs,23/5/2005,45,43,20,0,20,0
central_downs,23/5/2005,44,94,20,1,19,0
central_downs,23/5/2005,43,43,20,1,19,0
central_downs,23/5/2005,42,94,20,0,20,0
central_downs,23/5/2005,41,43,20,0,20,0
central_downs,23/5/2005,40,94,20,2,18,0
central_downs,23/5/2005,37,31,20,0,20,1
central_downs,23/5/2005,30,52,20,0,20,0
central_downs,23/5/2005,29,94,20,0,20,0
central_downs,23/5/2005,32,36,20,0,20,2
central_downs,23/5/2005,28,45,20,0,20,1
central_downs,23/5/2005,27,54,20,1,19,0
central_downs,23/5/2005,26,33,20,1,19,0
central_downs,23/5/2005,25,94,20,1,19,0
central_downs,23/5/2005,20,54,20,1,19,0
central_downs,23/5/2005,19,52,20,0,20,0
central_downs,23/5/2005,12,54,20,0,20,0
central_downs,20/9/2005,45,17,20,0,20,7
central_downs,20/9/2005,44,54,20,2,18,0
central_downs,20/9/2005,43,7,20,0,20,6
central_downs,20/9/2005,38,37,20,0,20,0
central_downs,20/9/2005,37,17,20,3,17,4
central_downs,20/9/2005,30,52,20,0,20,0
central_downs,20/9/2005,33,7,20,1,19,3
central_downs,20/9/2005,28,7,20,1,19,6
central_downs,20/9/2005,27,54,20,3,17,1
central_downs,20/9/2005,20,54,20,1,19,4
central_downs,20/9/2005,9,17,20,4,16,2
central_downs,20/9/2005,8,54,20,1,19,0
central_downs,5/12/2005,47,3,20,0,20,1
central_downs,5/12/2005,46,54,20,1,19,0
central_downs,5/12/2005,45,3,20,0,20,0
central_downs,5/12/2005,44,54,20,0,20,0
central_downs,5/12/2005,41,37,20,1,19,2
central_downs,5/12/2005,40,54,20,0,20,1
central_downs,5/12/2005,37,5,20,0,20,0
central_downs,5/12/2005,36,5,20,1,19,1
central_downs,5/12/2005,35,54,20,0,20,0
central_downs,5/12/2005,30,5,20,0,20,0
central_downs,5/12/2005,29,5,20,0,20,0
central_downs,5/12/2005,28,37,20,1,19,1
central_downs,5/12/2005,27,54,20,1,19,1
central_downs,5/12/2005,26,3,20,0,20,1
central_downs,5/12/2005,25,54,20,0,20,0
central_downs,5/12/2005,21,5,20,0,20,0
central_downs,5/12/2005,20,54,20,0,20,0
central_downs,9/2/2006,45,13,20,1,19,1
central_downs,9/2/2006,44,94,20,1,19,0
central_downs,9/2/2006,43,13,20,0,20,0
central_downs,9/2/2006,41,37,20,0,20,0
central_downs,9/2/2006,40,54,20,1,19,1
central_downs,9/2/2006,37,5,20,0,20,0
central_downs,9/2/2006,35,54,20,0,20,2
central_downs,9/2/2006,28,52,20,2,18,0
central_downs,9/2/2006,26,13,20,0,20,1
central_downs,9/2/2006,25,54,20,1,19,0
central_downs,9/2/2006,21,5,20,1,19,1
central_downs,9/2/2006,12,54,20,1,19,0
central_downs,23/3/2006,47,51,20,2,18,1
central_downs,23/3/2006,46,54,20,4,16,4
central_downs,23/3/2006,45,33,20,1,19,6
central_downs,23/3/2006,44,54,20,3,17,0
central_downs,23/3/2006,42,54,20,1,19,0
central_downs,23/3/2006,41,33,20,1,19,1
central_downs,23/3/2006,40,54,20,0,20,1
central_downs,23/3/2006,38,15,20,0,20,1
central_downs,23/3/2006,37,31,20,1,19,0
central_downs,23/3/2006,30,15,20,1,19,0
central_downs,23/3/2006,29,16,20,0,20,2
central_downs,23/3/2006,28,52,20,1,19,1
central_downs,23/3/2006,26,33,20,1,19,6
central_downs,23/3/2006,26,52,20,1,19,0
central_downs,23/3/2006,25,94,20,0,20,0
central_downs,23/3/2006,25,94,20,0,20,1
central_downs,23/3/2006,21,12,20,2,18,4
central_downs,23/3/2006,20,54,20,2,18,2
central_downs,23/3/2006,17,15,20,0,20,2
central_downs,23/3/2006,15,15,20,0,20,6
central_downs,23/3/2006,9,15,20,0,20,1
central_downs,23/3/2006,8,94,20,0,20,0
central_downs,23/3/2006,6,15,20,2,18,2
central_downs,23/3/2006,5,54,20,2,18,0
central_downs,23/3/2006,2,54,20,1,19,0
central_downs,23/3/2006,1,15,20,2,18,1
central_downs,19/7/2006,45,37,20,0,20,4
central_downs,19/7/2006,44,94,20,2,18,2
central_downs,19/7/2006,43,33,20,1,19,2
central_downs,19/7/2006,42,94,20,1,19,1
central_downs,19/7/2006,41,51,20,2,18,0
central_downs,19/7/2006,40,94,20,0,20,0
central_downs,19/7/2006,38,37,20,0,20,0
central_downs,19/7/2006,37,94,20,0,20,0
central_downs,19/7/2006,36,35,20,2,18,0
central_downs,19/7/2006,30,45,20,2,18,1
central_downs,19/7/2006,29,51,20,1,19,1
central_downs,19/7/2006,28,51,20,1,19,1
central_downs,19/7/2006,27,94,20,2,18,1
central_downs,19/7/2006,26,51,20,2,18,0
central_downs,19/7/2006,25,94,20,0,20,0
central_downs,19/7/2006,21,51,20,0,20,1
central_downs,19/7/2006,20,54,20,3,17,4
central_downs,19/7/2006,17,51,20,3,17,6
central_downs,19/7/2006,15,51,20,3,17,0
central_downs,19/7/2006,9,51,20,0,20,0
central_downs,19/7/2006,8,51,20,1,19,0
central_downs,19/7/2006,6,51,20,1,19,0
central_downs,19/7/2006,5,94,20,2,18,0
central_downs,19/7/2006,2,94,20,3,17,0
central_downs,19/7/2006,1,51,20,0,20,0
central_downs,28/9/2006,1,45,20,3,17,5
central_downs,28/9/2006,2,94,20,0,20,1
central_downs,28/9/2006,5,94,20,3,17,1
central_downs,28/9/2006,6,52,20,0,20,0
central_downs,28/9/2006,8,94,20,2,18,0
central_downs,28/9/2006,9,51,20,0,20,1
central_downs,28/9/2006,15,51,20,1,19,0
central_downs,28/9/2006,17,51,19,0,19,0
central_downs,28/9/2006,20,54,20,5,15,7
central_downs,28/9/2006,21,52,20,1,19,1
central_downs,28/9/2006,25,94,20,0,20,0
central_downs,28/9/2006,26,52,19,2,17,1
central_downs,15/11/2006,1,,20,1,19,1
central_downs,15/11/2006,2,,20,0,20,0
central_downs,15/11/2006,3,,20,7,13,3
central_downs,15/11/2006,4,,20,4,16,0
central_downs,15/11/2006,5,,20,6,14,1
central_downs,15/11/2006,6,,20,0,20,0
central_downs,15/11/2006,7,,20,0,20,0
central_downs,15/11/2006,8,,20,2,18,1
central_downs,15/11/2006,9,,20,0,20,0
central_downs,15/11/2006,10,,20,3,17,0
central_downs,15/11/2006,11,,20,0,20,0
central_downs,15/11/2006,12,,20,3,17,0
central_downs,15/11/2006,13,,20,3,17,2
central_downs,15/11/2006,14,,20,0,20,0
central_downs,15/11/2006,15,,20,3,17,0
central_downs,15/11/2006,16,,20,1,19,0
central_downs,15/11/2006,17,,20,2,18,0
central_downs,15/11/2006,18,,20,2,18,1
central_downs,15/11/2006,19,,20,3,17,1
central_downs,15/11/2006,20,,20,1,19,7
central_downs,15/11/2006,21,,20,4,16,1
central_downs,15/11/2006,22,,20,2,18,0
central_downs,15/11/2006,23,,20,1,19,2
central_downs,15/11/2006,24,,20,1,19,1
central_downs,15/11/2006,25,,20,3,17,1
central_downs,15/11/2006,26,,20,0,20,0
central_downs,15/11/2006,27,,20,1,19,1
central_downs,15/11/2006,28,,20,0,20,3
central_downs,15/11/2006,29,,20,3,17,1
central_downs,15/11/2006,30,,20,0,20,0
central_downs,15/11/2006,31,,20,3,17,0
central_downs,15/11/2006,32,,20,2,18,0
central_downs,15/11/2006,33,,20,1,19,0
central_downs,15/11/2006,34,,20,0,20,1
central_downs,15/11/2006,35,,20,0,20,1
central_downs,15/11/2006,36,,20,0,20,2
central_downs,15/11/2006,37,,20,0,20,1
central_downs,15/11/2006,38,,20,0,20,2
central_downs,15/11/2006,39,,20,0,20,3
central_downs,15/11/2006,40,,20,1,19,0
central_downs,15/11/2006,41,,20,0,20,1
central_downs,15/11/2006,42,,20,0,20,3
central_downs,15/11/2006,43,,20,0,20,1
central_downs,15/11/2006,44,,20,0,20,1
central_downs,15/11/2006,45,,20,0,20,0
central_downs,15/11/2006,46,,20,0,20,1
central_downs,15/11/2006,47,,20,2,18,0
central_downs,20/12/2006,1,51,20,2,18,2
central_downs,20/12/2006,2,54,20,0,20,0
central_downs,20/12/2006,3,3,20,2,18,0
central_downs,20/12/2006,4,62,20,2,18,0
central_downs,20/12/2006,5,55,20,1,19,0
central_downs,20/12/2006,6,52,20,0,20,0
central_downs,20/12/2006,7,52,20,0,20,0
central_downs,20/12/2006,8,54,20,0,20,0
central_downs,20/12/2006,9,52,20,3,17,0
central_downs,20/12/2006,10,54,20,1,19,0
central_downs,20/12/2006,11,45,20,0,20,0
central_downs,20/12/2006,12,94,20,1,19,0
central_downs,20/12/2006,13,52,20,0,20,2
central_downs,20/12/2006,14,3,20,2,18,0
central_downs,20/12/2006,15,52,20,0,20,0
central_downs,20/12/2006,16,52,20,5,15,0
central_downs,20/12/2006,17,52,20,0,20,0
central_downs,20/12/2006,18,55,20,0,20,0
central_downs,20/12/2006,19,45,20,0,20,0
central_downs,20/12/2006,20,54,20,0,20,0
central_downs,20/12/2006,21,3,20,1,19,0
central_downs,20/12/2006,22,94,20,3,17,0
central_downs,20/12/2006,23,3,19,0,19,0
central_downs,20/12/2006,24,3,10,0,10,1
central_downs,20/12/2006,25,3,20,1,19,0
central_downs,20/12/2006,26,3,20,0,20,3
central_downs,20/12/2006,27,55,20,1,19,0
central_downs,20/12/2006,28,3,20,0,20,2
central_downs,20/12/2006,29,57,20,1,19,0
central_downs,20/12/2006,30,57,20,0,20,0
central_downs,20/12/2006,31,66,20,7,13,0
central_downs,20/12/2006,32,5,20,1,19,2
central_downs,20/12/2006,33,52,20,0,20,1
central_downs,20/12/2006,34,5,20,1,19,1
central_downs,20/12/2006,35,13,20,2,18,1
central_downs,20/12/2006,36,10,20,1,19,1
central_downs,20/12/2006,37,51,20,2,18,1
central_downs,20/12/2006,38,5,20,1,19,1
central_downs,20/12/2006,39,94,20,1,19,0
central_downs,20/12/2006,40,52,20,1,19,0
central_downs,20/12/2006,41,54,20,4,16,1
central_downs,20/12/2006,42,13,20,1,19,0
central_downs,20/12/2006,43,52,20,0,20,0
central_downs,20/12/2006,44,13,20,2,18,0
central_downs,20/12/2006,45,54,20,0,20,0
central_downs,20/12/2006,46,67,20,0,20,0
central_downs,20/12/2006,47,94,20,1,19,0
central_downs,2/4/2007,1,13,20,0,20,0
central_downs,2/4/2007,2,54,19,0,19,0
central_downs,2/4/2007,3,52,19,0,19,0
central_downs,2/4/2007,4,94,20,2,18,0
central_downs,2/4/2007,5,54,20,0,20,0
central_downs,2/4/2007,6,13,20,0,20,0
central_downs,2/4/2007,10,94,20,0,20,0
central_downs,2/4/2007,11,52,20,0,20,0
central_downs,2/4/2007,12,94,20,0,20,0
central_downs,2/4/2007,13,33,20,1,19,0
central_downs,2/4/2007,18,13,20,1,19,1
central_downs,2/4/2007,19,55,20,0,20,0
central_downs,2/4/2007,20,52,20,0,20,0
central_downs,2/4/2007,21,54,20,0,20,0
central_downs,2/4/2007,22,13,20,0,20,0
central_downs,2/4/2007,23,51,20,0,20,0
central_downs,2/4/2007,25,51,20,0,20,0
central_downs,2/4/2007,26,94,20,0,20,0
central_downs,2/4/2007,27,94,20,2,18,0
central_downs,2/4/2007,28,33,20,0,20,1
central_downs,2/4/2007,29,54,20,2,18,2
central_downs,2/4/2007,30,15,20,0,20,2
central_downs,2/4/2007,31,15,20,1,19,0
central_downs,2/4/2007,32,25,19,1,18,1
central_downs,2/4/2007,35,30,20,1,19,1
central_downs,2/4/2007,36,33,20,1,19,0
central_downs,2/4/2007,37,15,20,3,17,1
central_downs,2/4/2007,38,54,20,0,20,0
central_downs,2/4/2007,40,52,20,0,20,0
central_downs,2/4/2007,41,15,20,1,19,2
central_downs,2/4/2007,42,52,19,0,19,0
central_downs,2/4/2007,43,33,20,0,20,0
central_downs,2/4/2007,44,33,20,0,20,0
central_downs,2/4/2007,45,55,20,0,20,0
central_downs,2/4/2007,46,67,20,0,20,0
central_downs,2/4/2007,47,54,20,4,16,0
central_downs,12/6/2007,1,54,20,1,19,1
central_downs,12/6/2007,2,33,20,0,20,0
central_downs,12/6/2007,3,33,20,1,19,0
central_downs,12/6/2007,4,54,20,1,19,0
central_downs,12/6/2007,5,13,20,5,15,2
central_downs,12/6/2007,6,54,20,1,19,0
central_downs,12/6/2007,7,51,20,0,20,0
central_downs,12/6/2007,8,52,20,0,20,0
central_downs,12/6/2007,9,94,20,1,19,0
central_downs,12/6/2007,10,52,20,1,19,0
central_downs,12/6/2007,11,94,20,2,18,0
central_downs,12/6/2007,12,60,20,0,20,0
central_downs,12/6/2007,1,94,20,5,15,0
central_downs,12/6/2007,14,52,20,2,18,1
central_downs,12/6/2007,18,55,20,0,20,0
central_downs,12/6/2007,19,34,20,5,15,2
central_downs,12/6/2007,20,55,20,0,20,0
central_downs,12/6/2007,21,52,20,1,19,1
central_downs,12/6/2007,22,94,20,0,20,0
central_downs,12/6/2007,23,33,20,2,18,1
central_downs,12/6/2007,24,43,20,1,19,0
central_downs,12/6/2007,25,33,20,2,18,2
central_downs,12/6/2007,26,94,20,0,20,0
central_downs,12/6/2007,27,33,20,6,14,4
central_downs,12/6/2007,28,51,20,1,19,0
central_downs,12/6/2007,29,33,20,1,19,0
central_downs,12/6/2007,30,94,20,0,20,0
central_downs,12/6/2007,31,15,20,0,20,0
central_downs,12/6/2007,32,54,20,4,16,2
central_downs,12/6/2007,33,45,20,1,19,0
central_downs,12/6/2007,34,94,20,10,10,0
central_downs,12/6/2007,35,33,20,8,12,3
central_downs,12/6/2007,36,45,20,6,14,4
central_downs,12/6/2007,37,94,20,3,17,0
central_downs,12/6/2007,38,33,20,4,16,1
central_downs,12/6/2007,39,45,20,5,15,3
central_downs,12/6/2007,40,45,20,0,20,0
central_downs,12/6/2007,41,33,20,6,14,5
central_downs,12/6/2007,42,33,20,6,14,6
central_downs,12/6/2007,43,54,20,2,18,2
central_downs,12/6/2007,44,33,20,10,10,9
central_downs,12/6/2007,45,51,20,7,13,7
central_downs,12/6/2007,46,33,20,0,20,0
central_downs,12/6/2007,47,54,20,6,14,2
central_downs,24/9/2007,1,94,20,0,20,0
central_downs,24/9/2007,2,56,20,0,20,1
central_downs,24/9/2007,3,7,20,0,20,0
central_downs,24/9/2007,4,94,20,2,18,0
central_downs,24/9/2007,5,94,20,1,19,0
central_downs,24/9/2007,6,54,20,0,20,0
central_downs,24/9/2007,7,56,20,0,20,0
central_downs,24/9/2007,8,94,20,0,20,0
central_downs,24/9/2007,9,7,20,0,20,0
central_downs,24/9/2007,10,94,20,1,19,0
central_downs,24/9/2007,11,5,20,1,19,0
central_downs,24/9/2007,12,94,20,1,19,0
central_downs,24/9/2007,13,54,20,2,18,0
central_downs,24/9/2007,14,33,20,0,20,0
central_downs,24/9/2007,15,5,20,0,20,0
central_downs,24/9/2007,18,51,20,0,20,0
central_downs,24/9/2007,19,94,20,0,20,1
central_downs,24/9/2007,20,54,20,0,20,5
central_downs,24/9/2007,21,94,20,1,19,0
central_downs,24/9/2007,22,51,20,0,20,2
central_downs,24/9/2007,23,94,20,0,20,0
central_downs,24/9/2007,24,51,20,0,20,0
central_downs,24/9/2007,25,51,20,0,20,3
central_downs,24/9/2007,26,54,20,0,20,1
central_downs,24/9/2007,27,1,20,1,19,9
central_downs,24/9/2007,28,33,20,0,20,1
central_downs,24/9/2007,29,54,20,1,19,5
central_downs,24/9/2007,30,94,20,2,18,0
central_downs,24/9/2007,31,66,20,1,19,0
central_downs,24/9/2007,32,1,20,2,18,12
central_downs,24/9/2007,33,51,20,1,19,0
central_downs,24/9/2007,34,1,20,2,18,10
central_downs,24/9/2007,35,43,20,1,19,0
central_downs,24/9/2007,36,54,20,2,18,1
central_downs,24/9/2007,37,94,20,0,20,3
central_downs,24/9/2007,38,7,20,2,18,7
central_downs,24/9/2007,39,51,20,0,20,1
central_downs,24/9/2007,40,17,20,2,18,5
central_downs,24/9/2007,41,54,20,5,15,0
central_downs,24/9/2007,42,1,20,1,19,13
central_downs,24/9/2007,43,54,20,1,19,3
central_downs,24/9/2007,44,94,20,4,16,0
central_downs,24/9/2007,45,54,20,2,18,3
central_downs,24/9/2007,46,94,20,0,20,0
central_downs,24/9/2007,47,60,20,1,19,1
central_downs,6/11/2007,1,3,20,0,20,0
central_downs,6/11/2007,2,54,20,1,19,0
central_downs,6/11/2007,6,3,20,0,20,0
central_downs,6/11/2007,7,54,20,0,20,0
central_downs,6/11/2007,10,8,20,1,19,3
central_downs,6/11/2007,11,54,20,0,20,2
central_downs,6/11/2007,18,5,20,0,20,0
central_downs,6/11/2007,19,54,20,2,18,0
central_downs,6/11/2007,20,3,20,2,18,1
central_downs,6/11/2007,21,54,20,3,17,0
central_downs,6/11/2007,25,3,20,0,20,0
central_downs,6/11/2007,26,54,20,0,20,0
central_downs,6/11/2007,31,5,20,0,20,0
central_downs,6/11/2007,32,11,20,2,18,0
central_downs,6/11/2007,35,52,20,0,20,0
central_downs,6/11/2007,36,94,20,0,20,1
central_downs,6/11/2007,40,37,20,0,20,0
central_downs,6/11/2007,41,3,20,1,19,0
central_downs,6/11/2007,44,11,20,3,17,1
central_downs,6/11/2007,45,3,20,3,17,2
central_downs,19/12/2007,1,3,20,0,20,1
central_downs,19/12/2007,2,94,20,0,20,0
central_downs,19/12/2007,3,55,20,2,18,0
central_downs,19/12/2007,4,21,20,0,20,0
central_downs,19/12/2007,5,94,20,4,16,0
central_downs,19/12/2007,6,13,20,1,19,0
central_downs,19/12/2007,8,54,20,0,20,0
central_downs,19/12/2007,9,12,20,0,20,4
central_downs,19/12/2007,18,94,20,3,17,0
central_downs,19/12/2007,19,5,20,1,19,0
central_downs,19/12/2007,20,94,20,0,20,0
central_downs,19/12/2007,21,13,20,0,20,3
central_downs,19/12/2007,22,54,20,2,18,0
central_downs,19/12/2007,23,13,20,1,19,0
central_downs,19/12/2007,25,54,20,3,17,0
central_downs,19/12/2007,26,13,20,0,20,0
central_downs,19/12/2007,27,94,20,0,20,1
central_downs,19/12/2007,28,31,20,0,20,1
central_downs,19/12/2007,29,5,19,0,19,1
central_downs,19/12/2007,30,16,20,1,19,0
central_downs,19/12/2007,33,13,20,0,20,2
central_downs,19/12/2007,34,21,20,1,19,1
central_downs,19/12/2007,35,54,20,5,15,0
central_downs,19/12/2007,36,13,20,1,19,0
central_downs,19/12/2007,37,54,19,0,19,2
central_downs,19/12/2007,38,80,20,0,20,0
central_downs,19/12/2007,40,94,20,1,19,0
central_downs,19/12/2007,41,80,20,0,20,1
central_downs,19/12/2007,42,13,20,1,19,3
central_downs,19/12/2007,43,37,20,0,20,0
central_downs,19/12/2007,44,13,20,0,20,4
central_downs,19/12/2007,45,55,20,0,20,0
central_downs,19/12/2007,46,54,20,1,19,0
central_downs,19/12/2007,47,60,20,0,20,0
central_downs,18/3/2008,1,33,20,1,19,0
central_downs,18/3/2008,2,54,20,2,18,1
central_downs,18/3/2008,5,33,20,2,18,1
central_downs,18/3/2008,6,54,20,3,17,1
central_downs,18/3/2008,10,28,20,0,20,0
central_downs,18/3/2008,11,94,20,2,18,1
central_downs,18/3/2008,18,94,20,0,20,0
central_downs,18/3/2008,19,54,20,0,20,0
central_downs,18/3/2008,20,33,20,2,18,7
central_downs,18/3/2008,21,54,20,2,18,3
central_downs,18/3/2008,25,94,20,2,18,3
central_downs,18/3/2008,26,43,20,0,20,0
central_downs,18/3/2008,31,15,20,2,18,2
central_downs,18/3/2008,32,41,20,4,16,2
central_downs,18/3/2008,35,23,20,4,16,8
central_downs,18/3/2008,36,33,20,4,16,10
central_downs,18/3/2008,40,30,20,1,19,0
central_downs,18/3/2008,44,33,20,2,18,4
central_downs,18/3/2008,45,54,20,5,15,6
central_downs,19/5/2008,1,33,20,0,20,2
central_downs,19/5/2008,2,54,20,0,20,0
central_downs,19/5/2008,6,33,20,0,20,1
central_downs,19/5/2008,7,54,20,4,16,0
central_downs,19/5/2008,10,38,20,0,20,1
central_downs,19/5/2008,11,94,20,1,19,0
central_downs,19/5/2008,18,51,20,1,19,4
central_downs,19/5/2008,19,54,20,1,19,6
central_downs,19/5/2008,20,43,20,2,18,1
central_downs,19/5/2008,21,94,20,2,18,0
central_downs,19/5/2008,25,51,20,1,19,0
central_downs,19/5/2008,26,94,20,2,18,0
central_downs,19/5/2008,31,35,20,2,18,1
central_downs,19/5/2008,32,31,20,1,19,11
central_downs,19/5/2008,35,33,20,2,18,8
central_downs,19/5/2008,36,54,20,3,17,2
central_downs,19/5/2008,40,30,20,2,18,1
central_downs,19/5/2008,41,94,20,1,19,4
central_downs,19/5/2008,44,33,20,3,17,11
central_downs,19/5/2008,45,51,20,2,18,1
central_downs,23/7/2008,1,33,20,4,16,8
central_downs,23/7/2008,2,54,20,2,18,1
central_downs,23/7/2008,5,54,20,2,18,13
central_downs,23/7/2008,6,33,20,5,15,14
central_downs,23/7/2008,8,54,20,5,15,0
central_downs,23/7/2008,9,7,20,3,17,7
central_downs,23/7/2008,15,33,20,3,17,14
central_downs,23/7/2008,17,33,20,3,17,15
central_downs,23/7/2008,20,55,20,1,19,1
central_downs,23/7/2008,21,33,20,1,19,3
central_downs,23/7/2008,25,54,20,7,13,11
central_downs,23/7/2008,26,51,20,4,16,8
central_downs,23/7/2008,27,54,20,1,19,2
central_downs,23/7/2008,28,33,20,5,15,8
central_downs,23/7/2008,31,51,20,5,15,6
central_downs,23/7/2008,32,51,20,3,17,8
central_downs,23/7/2008,35,54,20,5,15,7
central_downs,23/7/2008,36,33,20,2,18,8
central_downs,23/7/2008,40,54,20,4,16,8
central_downs,23/7/2008,41,52,20,2,18,7
central_downs,23/7/2008,42,54,20,1,19,0
central_downs,23/7/2008,43,33,20,1,19,10
central_downs,23/7/2008,44,54,20,4,16,5
central_downs,23/7/2008,45,33,20,3,17,7
central_downs,25/9/2008,46,94,20,0,20,0
central_downs,25/9/2008,47,52,20,1,19,0
central_downs,25/9/2008,45,54,20,0,20,0
central_downs,25/9/2008,44,17,20,6,14,9
central_downs,25/9/2008,43,33,20,0,20,1
central_downs,25/9/2008,42,54,20,0,20,0
central_downs,25/9/2008,38,54,20,2,18,0
central_downs,25/9/2008,37,53,20,2,18,0
central_downs,25/9/2008,34,62,20,0,20,0
central_downs,25/9/2008,33,56,20,0,20,0
central_downs,25/9/2008,28,17,20,0,20,0
central_downs,25/9/2008,27,54,20,1,19,0
central_downs,25/9/2008,22,17,20,0,20,3
central_downs,25/9/2008,24,94,20,1,19,0
central_downs,25/9/2008,19,54,20,2,18,1
central_downs,25/9/2008,18,17,20,1,19,1
central_downs,25/9/2008,8,94,20,2,18,0
central_downs,25/9/2008,9,17,20,1,19,4
central_downs,18/12/2008,1,5,20,1,19,1
central_downs,18/12/2008,2,54,20,2,18,5
central_downs,18/12/2008,5,94,20,3,17,0
central_downs,18/12/2008,6,5,20,7,13,0
central_downs,18/12/2008,8,94,20,3,17,0
central_downs,18/12/2008,9,13,20,3,17,0
central_downs,18/12/2008,12,94,20,6,14,0
central_downs,18/12/2008,13,13,20,3,17,0
central_downs,18/12/2008,20,54,20,3,17,0
central_downs,18/12/2008,21,2,20,3,17,0
central_downs,18/12/2008,22,94,20,1,19,0
central_downs,18/12/2008,23,13,20,3,17,0
central_downs,18/12/2008,25,54,20,2,18,0
central_downs,18/12/2008,26,13,20,8,12,0
central_downs,18/12/2008,27,94,20,0,20,0
central_downs,18/12/2008,28,18,20,0,20,0
central_downs,18/12/2008,29,5,20,2,18,0
central_downs,18/12/2008,33,54,20,0,20,0
central_downs,18/12/2008,34,5,20,0,20,0
central_downs,18/12/2008,37,3,20,1,19,0
central_downs,18/12/2008,40,54,20,3,17,0
central_downs,18/12/2008,41,3,20,0,20,0
central_downs,18/12/2008,42,94,20,0,20,0
central_downs,18/12/2008,43,3,20,0,20,0
central_downs,18/12/2008,44,3,20,0,20,0
central_downs,18/12/2008,45,54,20,1,19,0
central_downs,18/12/2008,46,54,20,0,20,0
central_downs,18/12/2008,47,6,20,1,19,0
goondiwindi ,6/2/2007,1,54,20,2,18,0
goondiwindi ,6/2/2007,2,67,20,12,8,0
goondiwindi ,6/2/2007,3,54,20,1,19,0
goondiwindi ,6/2/2007,4,37,20,1,19,0
goondiwindi ,6/2/2007,5,94,20,0,20,0
goondiwindi ,6/2/2007,6,37,20,0,20,0
goondiwindi ,6/2/2007,7,54,20,1,19,0
goondiwindi ,6/2/2007,8,51,20,0,20,0
goondiwindi ,6/2/2007,9,55,20,1,19,0
goondiwindi ,6/2/2007,10,32,20,0,20,0
goondiwindi ,6/2/2007,11,54,20,2,18,0
goondiwindi ,6/2/2007,12,67,20,0,20,0
goondiwindi ,6/2/2007,15,54,20,0,20,0
goondiwindi ,6/2/2007,16,37,20,1,19,3
goondiwindi ,29/5/2007,1,33,20,4,16,0
goondiwindi ,29/5/2007,2,54,20,2,18,0
goondiwindi ,29/5/2007,3,37,20,4,16,0
goondiwindi ,29/5/2007,4,51,20,3,17,1
goondiwindi ,29/5/2007,5,47,20,6,14,0
goondiwindi ,29/5/2007,6,94,20,3,17,0
goondiwindi ,29/5/2007,7,47,20,4,16,1
goondiwindi ,29/5/2007,8,54,20,3,17,0
goondiwindi ,29/5/2007,9,47,20,2,18,0
goondiwindi ,29/5/2007,10,55,20,4,16,0
goondiwindi ,29/5/2007,11,60,20,1,19,0
goondiwindi ,29/5/2007,12,55,20,3,17,2
goondiwindi ,29/5/2007,13,7,20,3,17,0
goondiwindi ,29/5/2007,14,55,20,2,18,0
goondiwindi ,29/5/2007,15,54,20,2,18,0
goondiwindi ,12/11/2007,1,70,19,2,17,0
goondiwindi ,12/11/2007,2,54,20,1,19,0
goondiwindi ,12/11/2007,3,37,20,2,18,0
goondiwindi ,12/11/2007,4,37,20,3,17,0
goondiwindi ,12/11/2007,5,94,20,0,20,0
goondiwindi ,12/11/2007,6,37,20,2,18,0
goondiwindi ,12/11/2007,7,27,20,2,18,0
goondiwindi ,12/11/2007,8,54,20,1,19,0
goondiwindi ,12/11/2007,9,55,20,1,19,4
goondiwindi ,12/11/2007,11,54,20,0,20,2
goondiwindi ,12/11/2007,13,32,20,0,20,0
goondiwindi ,12/11/2007,14,54,20,0,20,0
goondiwindi ,12/11/2007,15,54,20,0,20,0
goondiwindi ,12/11/2007,16,37,20,0,20,0
goondiwindi ,12/11/2007,17,83,20,1,19,0
goondiwindi ,12/11/2007,19,55,20,3,17,0
goondiwindi ,12/11/2007,20,70,20,0,20,0
goondiwindi ,7/4/2008,15,52,20,0,20,0
goondiwindi ,7/4/2008,19,80,20,0,20,1
goondiwindi ,7/4/2008,3,13,20,0,20,0
goondiwindi ,7/4/2008,11,54,20,2,18,0
goondiwindi ,7/4/2008,13,47,20,0,20,0
dawson_valley,24/7/2003,1,54,20,0,20,0
dawson_valley,24/7/2003,2,33,20,1,19,0
dawson_valley,24/7/2003,3,43,20,2,18,0
dawson_valley,24/7/2003,4,43,20,1,19,0
dawson_valley,24/7/2003,5,54,20,0,20,0
dawson_valley,24/7/2003,6,33,20,1,19,0
dawson_valley,24/7/2003,7,13,20,0,20,1
dawson_valley,24/7/2003,8,54,20,0,20,0
dawson_valley,24/7/2003,9,52,20,0,20,0
dawson_valley,25/7/2003,10,54,20,0,20,0
dawson_valley,25/7/2003,11,66,20,4,16,0
dawson_valley,25/7/2003,12,33,20,1,19,0
dawson_valley,25/7/2003,13,33,20,1,19,3
dawson_valley,25/7/2003,14,64,20,2,18,0
dawson_valley,25/7/2003,15,61,20,0,20,0
dawson_valley,25/7/2003,16,61,20,0,20,0
dawson_valley,25/7/2003,17,52,20,0,20,0
dawson_valley,25/7/2003,18,54,20,0,20,0
dawson_valley,25/7/2003,19,52,20,0,20,0
dawson_valley,25/7/2003,20,60,20,3,17,0
dawson_valley,25/7/2003,21,37,20,2,18,0
dawson_valley,25/7/2003,22,54,20,1,19,0
dawson_valley,9/9/2003,20,55,20,1,19,0
dawson_valley,9/9/2003,19,66,20,0,20,0
dawson_valley,9/9/2003,18,52,20,0,20,0
dawson_valley,9/9/2003,17,54,20,0,20,0
dawson_valley,9/9/2003,9,54,20,3,17,0
dawson_valley,9/9/2003,8,6,20,1,19,0
dawson_valley,9/9/2003,10,54,20,1,19,0
dawson_valley,9/9/2003,11,60,20,0,20,0
dawson_valley,9/9/2003,12,54,20,0,20,0
dawson_valley,9/9/2003,13,43,20,1,19,9
dawson_valley,9/9/2003,14,55,20,1,19,8
dawson_valley,9/9/2003,6,67,20,0,20,0
dawson_valley,9/9/2003,7,67,20,0,20,0
dawson_valley,9/9/2003,3,55,20,1,19,0
dawson_valley,9/9/2003,4,54,20,0,20,0
dawson_valley,9/9/2003,5,67,20,0,20,0
dawson_valley,9/9/2003,15,67,20,1,19,0
dawson_valley,9/9/2003,16,67,20,1,19,0
dawson_valley,9/9/2003,21,47,20,1,19,0
dawson_valley,9/9/2003,22,47,20,0,20,0
dawson_valley,29/10/2003,20,56,20,4,16,0
dawson_valley,29/10/2003,19,66,20,0,20,0
dawson_valley,29/10/2003,18,6,20,3,17,7
dawson_valley,29/10/2003,17,6,20,3,17,4
dawson_valley,29/10/2003,16,67,20,0,20,0
dawson_valley,29/10/2003,15,67,20,1,19,0
dawson_valley,29/10/2003,14,43,20,3,17,5
dawson_valley,29/10/2003,13,43,20,3,17,6
dawson_valley,29/10/2003,10,54,20,0,20,1
dawson_valley,29/10/2003,9,54,20,2,18,0
dawson_valley,29/10/2003,8,6,20,0,20,0
dawson_valley,29/10/2003,7,4,20,3,17,7
dawson_valley,29/10/2003,6,36,20,3,17,8
dawson_valley,29/10/2003,4,67,20,2,18,0
dawson_valley,29/10/2003,3,54,20,1,19,1
dawson_valley,29/11/2003,18,13,20,2,18,5
dawson_valley,29/11/2003,17,13,20,2,18,6
dawson_valley,29/11/2003,14,43,20,5,15,5
dawson_valley,29/11/2003,13,43,20,4,16,5
dawson_valley,29/11/2003,8,16,20,1,19,4
dawson_valley,29/11/2003,7,12,20,3,17,9
dawson_valley,29/11/2003,6,36,20,0,20,10
dawson_valley,29/11/2003,3,54,20,0,20,0
dawson_valley,29/11/2003,22,6,20,3,17,2
dawson_valley,29/11/2003,21,6,20,0,20,2
dawson_valley,12/2/2004,3,54,20,3,17,3
dawson_valley,12/2/2004,5,52,20,3,17,4
dawson_valley,12/2/2004,6,43,20,3,17,2
dawson_valley,12/2/2004,7,3,20,3,17,5
dawson_valley,12/2/2004,8,36,20,3,17,14
dawson_valley,12/2/2004,9,54,20,3,17,1
dawson_valley,12/2/2004,10,54,20,5,15,6
dawson_valley,12/2/2004,11,60,20,3,17,5
dawson_valley,12/2/2004,12,55,20,4,16,7
dawson_valley,12/2/2004,14,13,19,3,16,7
dawson_valley,12/2/2004,16,66,20,3,17,1
dawson_valley,12/2/2004,17,33,20,5,15,9
dawson_valley,12/2/2004,18,33,20,10,10,8
dawson_valley,12/2/2004,19,60,20,4,16,6
dawson_valley,12/2/2004,20,60,20,5,15,3
dawson_valley,27/3/2004,17,33,20,2,18,7
dawson_valley,27/3/2004,18,33,20,9,11,6
dawson_valley,27/3/2004,13,23,20,2,18,12
dawson_valley,27/3/2004,12,23,20,2,18,3
dawson_valley,27/3/2004,10,54,20,5,15,6
dawson_valley,27/3/2004,7,13,20,3,17,9
dawson_valley,27/3/2004,3,54,20,2,18,2
dawson_valley,27/3/2004,4,52,20,2,18,6
dawson_valley,31/5/2004,1,54,20,0,20,0
dawson_valley,31/5/2004,2,33,20,4,16,5
dawson_valley,31/5/2004,3,54,20,0,20,1
dawson_valley,31/5/2004,4,52,20,2,18,0
dawson_valley,31/5/2004,6,54,20,1,19,10
dawson_valley,31/5/2004,7,2,20,2,18,5
dawson_valley,31/5/2004,8,51,20,1,19,0
dawson_valley,31/5/2004,9,54,20,3,17,1
dawson_valley,31/5/2004,10,54,20,1,19,0
dawson_valley,31/5/2004,11,60,20,2,18,0
dawson_valley,31/5/2004,12,51,20,1,19,2
dawson_valley,31/5/2004,13,51,20,1,19,1
dawson_valley,31/5/2004,15,61,20,1,19,0
dawson_valley,31/5/2004,16,61,20,0,20,0
dawson_valley,31/5/2004,17,33,20,0,20,0
dawson_valley,31/5/2004,18,33,20,0,20,1
dawson_valley,31/5/2004,19,66,20,1,19,0
dawson_valley,31/5/2004,20,66,20,0,20,2
dawson_valley,31/5/2004,21,33,20,3,17,11
dawson_valley,31/5/2004,22,54,20,3,17,1
dawson_valley,2/7/2004,22,54,20,5,15,4
dawson_valley,2/7/2004,21,43,20,11,9,0
dawson_valley,2/7/2004,18,51,20,6,14,10
dawson_valley,2/7/2004,17,51,20,5,15,11
dawson_valley,2/7/2004,16,67,20,4,16,0
dawson_valley,2/7/2004,15,67,20,6,14,0
dawson_valley,2/7/2004,14,51,20,7,13,9
dawson_valley,2/7/2004,12,54,20,6,14,6
dawson_valley,2/7/2004,11,60,20,7,13,1
dawson_valley,2/7/2004,10,54,20,5,15,9
dawson_valley,2/7/2004,9,54,20,9,11,7
dawson_valley,2/7/2004,8,51,20,5,15,9
dawson_valley,2/7/2004,7,2,20,6,14,7
dawson_valley,2/7/2004,6,54,20,5,15,9
dawson_valley,2/7/2004,4,51,20,3,17,9
dawson_valley,2/7/2004,3,54,40,9,11,4
dawson_valley,2/8/2004,1,54,20,0,20,1
dawson_valley,2/8/2004,2,33,20,0,20,2
dawson_valley,2/8/2004,3,54,20,0,20,0
dawson_valley,2/8/2004,4,51,20,0,20,0
dawson_valley,2/8/2004,8,51,20,2,18,0
dawson_valley,2/8/2004,10,54,20,0,20,0
dawson_valley,2/8/2004,11,60,20,0,20,0
dawson_valley,2/8/2004,12,54,20,0,20,0
dawson_valley,2/8/2004,13,51,20,6,14,0
dawson_valley,2/8/2004,15,61,20,0,20,0
dawson_valley,2/8/2004,16,54,20,0,20,0
dawson_valley,2/8/2004,19,56,20,3,17,0
dawson_valley,2/8/2004,20,56,20,1,19,0
dawson_valley,2/8/2004,21,42,20,0,20,0
dawson_valley,2/8/2004,22,54,20,0,20,1
dawson_valley,2/11/2004,1,54,20,1,19,0
dawson_valley,2/11/2004,2,52,20,3,17,1
dawson_valley,2/11/2004,4,52,20,1,19,0
dawson_valley,2/11/2004,6,54,20,0,20,0
dawson_valley,2/11/2004,7,32,20,4,16,0
dawson_valley,2/11/2004,8,52,20,1,19,0
dawson_valley,2/11/2004,9,54,20,3,17,0
dawson_valley,2/11/2004,10,54,20,1,19,0
dawson_valley,2/11/2004,11,60,20,1,19,0
dawson_valley,2/11/2004,14,51,20,0,20,0
dawson_valley,2/11/2004,15,61,20,0,20,0
dawson_valley,2/11/2004,17,52,20,0,20,0
dawson_valley,13/12/2004,17,3,20,1,19,0
dawson_valley,13/12/2004,18,3,20,1,19,0
dawson_valley,13/12/2004,8,52,20,0,20,0
dawson_valley,13/12/2004,9,54,20,2,18,0
dawson_valley,13/12/2004,10,54,20,1,19,0
dawson_valley,13/12/2004,11,66,20,0,20,0
dawson_valley,13/12/2004,12,55,20,2,18,0
dawson_valley,13/12/2004,13,56,20,1,19,0
dawson_valley,13/12/2004,15,67,20,0,20,0
dawson_valley,13/12/2004,6,54,20,0,20,0
dawson_valley,13/12/2004,7,52,20,1,19,0
dawson_valley,13/12/2004,3,4,20,2,18,0
dawson_valley,13/12/2004,4,4,20,0,20,0
dawson_valley,13/12/2004,21,3,20,0,20,0
dawson_valley,13/12/2004,22,54,20,1,19,0
dawson_valley,23/3/2005,1,54,20,0,20,0
dawson_valley,23/3/2005,2,81,20,3,17,0
dawson_valley,23/3/2005,3,54,20,0,20,0
dawson_valley,23/3/2005,4,4,20,1,19,0
dawson_valley,23/3/2005,6,54,20,0,20,0
dawson_valley,23/3/2005,7,13,20,1,19,0
dawson_valley,23/3/2005,8,13,20,1,19,0
dawson_valley,23/3/2005,9,54,20,3,17,0
dawson_valley,23/3/2005,12,55,20,2,18,0
dawson_valley,23/3/2005,14,56,20,0,20,0
dawson_valley,23/3/2005,15,60,20,0,20,0
dawson_valley,23/3/2005,16,60,20,0,20,0
dawson_valley,23/3/2005,17,13,20,2,18,0
dawson_valley,23/3/2005,18,33,20,3,17,0
dawson_valley,7/6/2005,1,54,20,0,20,0
dawson_valley,7/6/2005,2,81,20,0,20,0
dawson_valley,7/6/2005,3,54,20,1,19,0
dawson_valley,7/6/2005,4,56,20,4,16,0
dawson_valley,7/6/2005,6,54,20,1,19,0
dawson_valley,7/6/2005,7,33,20,2,18,0
dawson_valley,7/6/2005,8,33,20,4,16,0
dawson_valley,7/6/2005,9,54,20,1,19,0
dawson_valley,7/6/2005,10,54,20,1,19,0
dawson_valley,7/6/2005,11,60,20,0,20,0
dawson_valley,7/6/2005,13,60,20,1,19,0
dawson_valley,7/6/2005,15,61,20,2,18,0
dawson_valley,7/6/2005,17,33,20,5,15,0
dawson_valley,7/6/2005,21,33,20,1,19,1
dawson_valley,7/6/2005,22,54,20,0,20,0
dawson_valley,13/9/2005,18,56,20,1,19,1
dawson_valley,13/9/2005,17,56,20,1,19,0
dawson_valley,13/9/2005,16,60,20,2,18,0
dawson_valley,13/9/2005,14,52,20,3,17,0
dawson_valley,13/9/2005,12,55,20,1,19,1
dawson_valley,13/9/2005,11,60,20,0,20,0
dawson_valley,13/9/2005,10,54,20,0,20,0
dawson_valley,13/9/2005,7,54,20,1,19,0
dawson_valley,13/9/2005,6,11,20,0,20,0
dawson_valley,13/9/2005,4,56,20,2,18,0
dawson_valley,13/9/2005,3,54,20,0,20,0
dawson_valley,13/9/2005,2,54,20,0,20,0
dawson_valley,13/9/2005,1,81,20,0,20,0
dawson_valley,13/9/2005,22,54,20,0,20,0
dawson_valley,13/9/2005,21,33,20,0,20,0
dawson_valley,25/10/2005,22,54,20,1,19,1
dawson_valley,25/10/2005,21,33,20,1,19,1
dawson_valley,25/10/2005,1,54,20,1,19,0
dawson_valley,25/10/2005,2,81,20,0,20,0
dawson_valley,25/10/2005,3,54,20,1,19,1
dawson_valley,25/10/2005,4,56,20,0,20,1
dawson_valley,25/10/2005,6,54,20,1,16,0
dawson_valley,25/10/2005,7,6,20,0,20,0
dawson_valley,25/10/2005,8,3,20,2,18,0
dawson_valley,25/10/2005,11,66,20,0,20,0
dawson_valley,25/10/2005,12,54,20,0,20,1
dawson_valley,25/10/2005,13,56,20,0,20,0
dawson_valley,25/10/2005,15,67,20,2,18,0
dawson_valley,25/10/2005,17,3,20,1,19,3
dawson_valley,25/10/2005,18,3,20,1,19,0
dawson_valley,29/11/2005,22,54,20,1,19,0
dawson_valley,29/11/2005,21,3,20,0,20,0
dawson_valley,29/11/2005,1,54,20,0,20,0
dawson_valley,29/11/2005,2,71,20,0,20,0
dawson_valley,29/11/2005,3,54,20,0,20,0
dawson_valley,29/11/2005,4,60,20,2,18,0
dawson_valley,29/11/2005,6,54,20,3,17,0
dawson_valley,29/11/2005,7,16,20,0,20,0
dawson_valley,29/11/2005,8,13,20,0,20,0
dawson_valley,29/11/2005,9,54,20,2,18,0
dawson_valley,29/11/2005,12,62,20,0,20,0
dawson_valley,29/11/2005,14,52,20,2,18,0
dawson_valley,29/11/2005,15,60,20,0,20,0
dawson_valley,29/11/2005,16,54,20,1,19,0
dawson_valley,29/11/2005,17,52,20,1,19,1
dawson_valley,29/11/2005,18,52,20,2,18,0
dawson_valley,29/11/2005,19,60,20,2,18,0
dawson_valley,29/11/2005,20,60,20,2,18,0
dawson_valley,24/1/2006,1,54,20,2,18,0
dawson_valley,24/1/2006,2,81,20,0,20,0
dawson_valley,24/1/2006,4,66,20,1,19,0
dawson_valley,24/1/2006,6,54,20,1,19,1
dawson_valley,24/1/2006,7,36,20,0,20,1
dawson_valley,24/1/2006,14,14,20,1,19,9
dawson_valley,24/1/2006,15,60,20,0,20,0
dawson_valley,24/1/2006,16,54,20,4,16,0
dawson_valley,23/1/2006,17,3,20,7,13,0
dawson_valley,23/1/2006,18,3,20,5,15,0
dawson_valley,24/1/2006,20,60,20,0,20,1
dawson_valley,11/4/2006,18,13,20,6,14,2
dawson_valley,11/4/2006,17,13,20,2,18,2
dawson_valley,11/4/2006,16,54,20,0,20,0
dawson_valley,11/4/2006,15,67,20,0,20,0
dawson_valley,11/4/2006,14,42,20,6,14,1
dawson_valley,11/4/2006,12,54,20,0,20,0
dawson_valley,11/4/2006,11,60,20,0,20,0
dawson_valley,11/4/2006,10,54,20,0,20,1
dawson_valley,11/4/2006,9,54,20,1,19,1
dawson_valley,11/4/2006,8,42,20,3,17,0
dawson_valley,11/4/2006,7,36,20,0,20,3
dawson_valley,11/4/2006,4,67,20,0,20,0
dawson_valley,11/4/2006,1,54,20,1,19,1
dawson_valley,11/4/2006,22,33,20,2,18,1
dawson_valley,11/4/2006,21,54,20,1,19,0
dawson_valley,22/5/2006,17,33,20,2,18,0
dawson_valley,22/5/2006,18,33,20,1,19,0
dawson_valley,22/5/2006,16,67,20,1,19,0
dawson_valley,22/5/2006,15,60,20,0,20,0
dawson_valley,22/5/2006,14,52,20,0,20,0
dawson_valley,22/5/2006,12,55,20,0,20,3
dawson_valley,22/5/2006,10,54,20,1,19,0
dawson_valley,22/5/2006,9,54,20,0,20,0
dawson_valley,22/5/2006,8,52,20,0,20,0
dawson_valley,22/5/2006,7,56,20,3,17,0
dawson_valley,22/5/2006,6,54,20,0,20,0
dawson_valley,22/5/2006,22,54,20,0,20,1
dawson_valley,22/5/2006,21,33,20,1,19,0
dawson_valley,15/8/2006,18,51,20,0,20,0
dawson_valley,15/8/2006,17,51,20,0,20,0
dawson_valley,15/8/2006,16,60,20,0,20,0
dawson_valley,15/8/2006,15,67,20,1,19,0
dawson_valley,15/8/2006,14,51,20,0,20,0
dawson_valley,15/8/2006,12,54,20,1,19,0
dawson_valley,15/8/2006,11,66,20,0,20,0
dawson_valley,15/8/2006,9,54,20,0,20,0
dawson_valley,15/8/2006,8,51,20,2,18,0
dawson_valley,15/8/2006,7,51,20,1,19,0
dawson_valley,15/8/2006,6,54,20,0,20,1
dawson_valley,15/8/2006,22,54,20,3,17,1
dawson_valley,15/8/2006,21,33,20,1,19,0
dawson_valley,19/9/2006,2,17,20,4,16,0
dawson_valley,19/9/2006,21,17,20,2,18,0
dawson_valley,19/9/2006,6,54,20,2,18,0
dawson_valley,19/9/2006,7,52,20,1,19,0
dawson_valley,19/9/2006,15,54,20,0,20,0
dawson_valley,19/9/2006,14,52,20,0,20,0
dawson_valley,19/9/2006,11,66,20,2,18,0
dawson_valley,19/9/2006,10,54,20,0,20,0
dawson_valley,19/9/2006,9,54,20,0,20,0
dawson_valley,19/9/2006,8,52,20,1,19,0
dawson_valley,19/9/2006,18,51,20,2,18,0
dawson_valley,19/9/2006,17,51,20,1,19,0
dawson_valley,13/2/2007,3,55,20,3,17,0
dawson_valley,13/2/2007,4,3,20,3,17,0
dawson_valley,13/2/2007,5,54,20,3,17,0
dawson_valley,13/2/2007,6,55,20,2,18,0
dawson_valley,13/2/2007,7,3,20,2,18,0
dawson_valley,13/2/2007,8,54,20,2,18,1
dawson_valley,13/2/2007,9,12,20,2,18,1
dawson_valley,13/2/2007,10,54,20,4,16,0
dawson_valley,13/2/2007,11,2,20,0,20,0
dawson_valley,13/2/2007,12,60,20,1,19,0
dawson_valley,13/2/2007,13,12,20,0,20,0
dawson_valley,13/2/2007,14,85,20,2,18,0
dawson_valley,13/2/2007,15,55,20,0,20,0
dawson_valley,13/2/2007,16,60,20,2,18,0
dawson_valley,13/2/2007,17,55,20,3,17,0
dawson_valley,13/2/2007,18,3,20,2,18,1
dawson_valley,23/5/2007,1,12,20,1,19,1
dawson_valley,23/5/2007,2,54,20,2,18,0
dawson_valley,23/5/2007,3,54,20,1,19,0
dawson_valley,23/5/2007,4,33,20,3,17,0
dawson_valley,23/5/2007,5,94,20,1,19,0
dawson_valley,23/5/2007,6,51,20,2,18,0
dawson_valley,23/5/2007,7,94,20,2,18,0
dawson_valley,23/5/2007,8,32,20,3,17,0
dawson_valley,23/5/2007,9,54,20,2,18,0
dawson_valley,23/5/2007,10,60,20,7,13,0
dawson_valley,23/5/2007,11,54,20,2,18,1
dawson_valley,23/5/2007,12,51,20,0,20,0
dawson_valley,23/5/2007,13,60,20,0,20,0
dawson_valley,23/5/2007,14,54,20,1,19,0
dawson_valley,23/5/2007,15,60,20,2,18,0
dawson_valley,23/5/2007,16,54,20,1,19,0
dawson_valley,23/5/2007,17,14,20,5,15,0
dawson_valley,23/5/2007,18,54,20,0,20,0
dawson_valley,23/5/2007,19,13,20,2,18,0
dawson_valley,23/5/2007,20,54,20,0,20,0
dawson_valley,23/5/2007,21,55,20,2,18,1
dawson_valley,23/5/2007,22,51,20,2,18,0
dawson_valley,23/10/2007,1,54,20,2,18,0
dawson_valley,23/10/2007,2,67,20,0,20,0
dawson_valley,23/10/2007,3,56,20,1,19,0
dawson_valley,23/10/2007,4,57,20,2,18,1
dawson_valley,23/10/2007,6,3,19,0,19,0
dawson_valley,23/10/2007,7,43,20,0,20,0
dawson_valley,23/10/2007,8,54,20,0,20,0
dawson_valley,23/10/2007,9,3,20,0,20,0
dawson_valley,23/10/2007,10,67,20,1,19,0
dawson_valley,23/10/2007,12,60,20,0,20,0
dawson_valley,23/10/2007,13,18,20,0,20,0
dawson_valley,23/10/2007,15,61,20,0,20,1
dawson_valley,23/10/2007,17,70,20,0,20,2
dawson_valley,23/10/2007,18,66,20,1,19,0
dawson_valley,23/10/2007,21,55,20,0,20,0
dawson_valley,23/10/2007,22,52,20,0,20,0
dawson_valley,8/4/2008,1,54,20,4,16,1
dawson_valley,8/4/2008,6,13,20,2,18,4
dawson_valley,8/4/2008,15,60,20,2,18,3
dawson_valley,8/4/2008,8,13,20,1,19,3
dawson_valley,8/4/2008,17,94,20,2,18,0
dawson_valley,7/5/2008,1,71,20,2,18,1
dawson_valley,7/5/2008,2,54,20,1,19,3
dawson_valley,7/5/2008,3,70,20,12,8,0
dawson_valley,7/5/2008,4,54,20,3,17,4
dawson_valley,7/5/2008,6,23,20,8,12,7
dawson_valley,7/5/2008,7,52,20,0,20,0
dawson_valley,7/5/2008,15,60,20,4,16,5
dawson_valley,7/5/2008,12,56,20,4,16,9
dawson_valley,7/5/2008,10,33,20,2,18,5
dawson_valley,7/5/2008,11,54,20,0,20,2
dawson_valley,7/5/2008,8,33,20,2,18,9
dawson_valley,7/5/2008,9,54,20,2,18,2
dawson_valley,7/5/2008,17,70,20,2,18,1
dawson_valley,7/5/2008,18,66,20,0,20,2
callide_valley,24/7/2003,1,94,20,1,19,0
callide_valley,24/7/2003,2,55,20,2,18,0
callide_valley,24/7/2003,3,7,20,4,16,0
callide_valley,24/7/2003,4,94,20,7,13,0
callide_valley,24/7/2003,5,94,20,1,19,0
callide_valley,24/7/2003,6,51,20,2,18,1
callide_valley,24/7/2003,7,54,20,2,18,0
callide_valley,24/7/2003,8,17,20,1,19,0
callide_valley,24/7/2003,9,17,20,2,18,2
callide_valley,24/7/2003,10,54,20,2,18,0
callide_valley,23/7/2003,11,17,20,2,18,0
callide_valley,23/7/2003,12,94,20,5,15,0
callide_valley,23/7/2003,13,17,20,1,19,0
callide_valley,23/7/2003,15,57,20,2,18,0
callide_valley,23/7/2003,16,60,20,3,17,0
callide_valley,23/7/2003,17,94,20,0,20,0
callide_valley,23/7/2003,18,55,20,0,20,0
callide_valley,23/7/2003,19,54,20,0,20,0
callide_valley,23/7/2003,20,17,20,2,18,1
callide_valley,23/7/2003,21,7,20,1,19,0
callide_valley,23/7/2003,22,16,20,3,17,0
callide_valley,23/7/2003,23,17,20,1,19,1
callide_valley,23/7/2003,24,53,20,1,19,0
callide_valley,8/9/2003,23,33,20,2,18,0
callide_valley,8/9/2003,24,17,20,0,20,2
callide_valley,8/9/2003,21,54,20,2,18,0
callide_valley,8/9/2003,22,46,20,2,18,0
callide_valley,8/9/2003,19,17,20,2,18,0
callide_valley,8/9/2003,20,17,20,2,18,0
callide_valley,8/9/2003,17,37,20,1,19,0
callide_valley,8/9/2003,18,94,20,0,20,0
callide_valley,8/9/2003,12,17,20,0,20,0
callide_valley,8/9/2003,13,94,20,2,18,0
callide_valley,27/10/2003,1,56,20,0,20,1
callide_valley,27/10/2003,2,54,20,0,20,1
callide_valley,27/10/2003,3,54,20,2,18,0
callide_valley,27/10/2003,4,21,20,0,20,6
callide_valley,27/10/2003,5,54,20,2,18,0
callide_valley,27/10/2003,6,52,20,1,19,0
callide_valley,28/10/2003,24,51,20,2,18,3
callide_valley,28/10/2003,23,37,20,2,18,3
callide_valley,28/10/2003,22,37,20,3,17,3
callide_valley,28/10/2003,21,46,20,2,18,1
callide_valley,28/10/2003,20,37,20,4,16,0
callide_valley,28/10/2003,19,92,20,2,18,0
callide_valley,28/10/2003,18,57,20,1,19,0
callide_valley,28/10/2003,17,37,20,2,18,0
callide_valley,28/10/2003,13,37,20,8,12,1
callide_valley,28/10/2003,12,37,20,3,17,0
callide_valley,28/11/2003,22,54,20,0,20,0
callide_valley,28/11/2003,21,46,20,1,19,0
callide_valley,28/11/2003,24,51,20,1,19,0
callide_valley,28/11/2003,23,37,20,5,15,4
callide_valley,28/11/2003,11,37,20,2,18,1
callide_valley,28/11/2003,10,37,20,0,20,0
callide_valley,28/11/2003,9,54,20,2,18,4
callide_valley,28/11/2003,7,37,19,0,19,8
callide_valley,28/11/2003,6,52,20,0,20,1
callide_valley,28/11/2003,5,54,20,2,18,1
callide_valley,10/2/2004,1,2,20,4,16,1
callide_valley,10/2/2004,3,54,20,0,20,0
callide_valley,10/2/2004,4,37,20,9,11,0
callide_valley,10/2/2004,5,3,20,2,18,2
callide_valley,10/2/2004,6,54,20,2,18,0
callide_valley,10/2/2004,24,37,20,3,17,1
callide_valley,10/2/2004,23,56,20,1,19,0
callide_valley,10/2/2004,22,3,20,2,18,4
callide_valley,10/2/2004,21,3,20,3,17,2
callide_valley,10/2/2004,20,47,20,4,16,0
callide_valley,10/2/2004,18,54,20,3,17,0
callide_valley,10/2/2004,17,3,20,2,18,0
callide_valley,10/2/2004,16,54,20,1,19,0
callide_valley,10/2/2004,13,37,20,0,20,0
callide_valley,28/3/2004,23,13,20,5,15,10
callide_valley,28/3/2004,22,13,20,3,17,7
callide_valley,28/3/2004,21,13,20,6,14,6
callide_valley,28/3/2004,18,54,20,0,20,0
callide_valley,28/3/2004,17,13,20,5,15,5
callide_valley,28/3/2004,16,54,20,1,19,3
callide_valley,28/3/2004,15,66,20,7,13,3
callide_valley,28/3/2004,13,51,20,2,18,0
callide_valley,28/3/2004,12,34,20,3,17,1
callide_valley,28/3/2004,10,37,20,1,19,0
callide_valley,28/3/2004,6,13,20,6,14,9
callide_valley,28/3/2004,5,13,20,6,14,13
callide_valley,30/5/2004,1,2,20,4,16,6
callide_valley,30/5/2004,3,54,20,0,20,0
callide_valley,30/5/2004,4,52,20,0,20,1
callide_valley,30/5/2004,5,54,20,3,17,5
callide_valley,30/5/2004,6,33,20,9,11,12
callide_valley,30/5/2004,7,51,20,0,20,1
callide_valley,30/5/2004,8,54,20,2,18,0
callide_valley,30/5/2004,9,94,20,0,20,0
callide_valley,30/5/2004,10,37,20,5,15,4
callide_valley,30/5/2004,11,54,20,7,13,14
callide_valley,30/5/2004,12,42,20,1,19,14
callide_valley,30/5/2004,13,52,20,0,20,1
callide_valley,30/5/2004,15,60,20,2,18,0
callide_valley,30/5/2004,16,54,20,0,20,0
callide_valley,30/5/2004,17,33,20,2,18,6
callide_valley,30/5/2004,18,54,20,1,19,6
callide_valley,30/5/2004,21,33,20,5,15,10
callide_valley,30/5/2004,22,54,20,2,18,16
callide_valley,30/5/2004,23,23,20,6,14,12
callide_valley,30/5/2004,24,52,17,2,15,2
callide_valley,5/7/2004,24,51,20,1,19,1
callide_valley,5/7/2004,23,23,20,2,18,2
callide_valley,5/7/2004,22,33,20,1,19,5
callide_valley,5/7/2004,21,33,20,1,19,3
callide_valley,5/7/2004,20,37,20,3,17,0
callide_valley,5/7/2004,19,54,20,1,19,1
callide_valley,5/7/2004,18,54,20,3,17,1
callide_valley,5/7/2004,17,33,20,2,18,8
callide_valley,5/7/2004,16,54,20,1,19,0
callide_valley,5/7/2004,15,60,20,1,19,0
callide_valley,5/7/2004,11,54,20,1,19,2
callide_valley,5/7/2004,10,37,20,0,20,0
callide_valley,5/7/2004,9,54,20,3,17,1
callide_valley,5/7/2004,8,51,20,3,17,0
callide_valley,5/7/2004,6,43,20,1,19,5
callide_valley,5/7/2004,5,43,20,2,18,5
callide_valley,5/7/2004,3,54,20,0,20,0
callide_valley,5/8/2004,24,52,20,1,19,0
callide_valley,5/8/2004,23,33,20,5,15,0
callide_valley,5/8/2004,22,51,20,2,18,0
callide_valley,5/8/2004,21,55,20,1,19,0
callide_valley,5/8/2004,20,37,20,0,20,0
callide_valley,5/8/2004,19,54,20,1,19,0
callide_valley,5/8/2004,18,54,20,0,20,0
callide_valley,5/8/2004,17,33,20,0,20,0
callide_valley,5/8/2004,10,37,20,0,20,0
callide_valley,5/8/2004,11,54,20,1,19,1
callide_valley,5/8/2004,8,52,20,1,19,0
callide_valley,5/8/2004,6,51,20,0,20,1
callide_valley,5/8/2004,5,57,20,0,20,0
callide_valley,5/8/2004,4,56,20,0,20,0
callide_valley,5/8/2004,3,54,20,2,18,0
callide_valley,20/9/2004,24,52,20,1,19,0
callide_valley,20/9/2004,23,43,20,3,17,0
callide_valley,20/9/2004,22,54,20,3,17,0
callide_valley,20/9/2004,21,43,20,3,17,0
callide_valley,20/9/2004,20,52,20,0,20,0
callide_valley,20/9/2004,19,54,20,0,20,0
callide_valley,20/9/2004,18,54,20,1,19,0
callide_valley,20/9/2004,17,23,20,1,19,0
callide_valley,20/9/2004,16,54,20,3,17,0
callide_valley,20/9/2004,15,60,20,2,18,0
callide_valley,20/9/2004,13,2,20,1,19,0
callide_valley,20/9/2004,12,32,20,3,17,0
callide_valley,21/9/2004,1,22,20,0,20,0
callide_valley,21/9/2004,3,54,20,1,19,0
callide_valley,21/9/2004,4,52,20,0,20,0
callide_valley,21/9/2004,5,94,20,0,20,0
callide_valley,21/9/2004,6,2,20,0,20,0
callide_valley,21/9/2004,8,7,20,0,20,0
callide_valley,21/9/2004,9,54,20,0,20,0
callide_valley,21/9/2004,10,33,20,0,20,0
callide_valley,21/9/2004,11,54,20,0,20,0
callide_valley,1/11/2004,7,7,20,0,20,0
callide_valley,1/11/2004,9,54,20,0,20,0
callide_valley,1/11/2004,5,94,20,1,19,0
callide_valley,1/11/2004,6,2,20,0,20,0
callide_valley,1/11/2004,23,33,20,0,20,1
callide_valley,1/11/2004,24,52,20,4,16,0
callide_valley,1/11/2004,21,2,20,0,20,0
callide_valley,1/11/2004,22,54,20,0,20,0
callide_valley,1/11/2004,17,33,20,1,19,0
callide_valley,1/11/2004,18,54,20,0,20,0
callide_valley,1/11/2004,13,12,20,1,19,0
callide_valley,1/11/2004,12,31,20,0,20,0
callide_valley,1/11/2004,11,54,20,0,20,0
callide_valley,1/11/2004,10,52,20,0,20,0
callide_valley,16/12/2004,24,52,20,1,19,0
callide_valley,16/12/2004,23,43,20,0,20,0
callide_valley,16/12/2004,22,54,20,2,18,0
callide_valley,16/12/2004,21,42,20,0,20,0
callide_valley,16/12/2004,18,54,20,0,20,0
callide_valley,16/12/2004,17,33,20,0,20,0
callide_valley,16/12/2004,15,66,20,5,15,0
callide_valley,16/12/2004,11,54,20,1,19,0
callide_valley,16/12/2004,10,3,20,0,20,0
callide_valley,16/12/2004,6,2,20,2,18,0
callide_valley,16/12/2004,5,54,20,0,20,0
callide_valley,16/12/2004,20,13,20,1,19,0
callide_valley,22/3/2005,1,81,20,0,20,0
callide_valley,22/3/2005,3,54,20,0,20,0
callide_valley,22/3/2005,4,13,20,0,20,0
callide_valley,22/3/2005,6,52,20,0,20,0
callide_valley,22/3/2005,24,13,20,1,19,0
callide_valley,22/3/2005,23,56,20,0,20,0
callide_valley,22/3/2005,22,54,20,7,13,0
callide_valley,22/3/2005,21,34,20,5,15,0
callide_valley,22/3/2005,20,33,20,0,20,0
callide_valley,22/3/2005,19,54,20,3,17,0
callide_valley,22/3/2005,18,54,20,1,19,0
callide_valley,22/3/2005,17,13,20,0,20,0
callide_valley,22/3/2005,16,54,20,0,20,0
callide_valley,22/3/2005,15,60,20,1,19,0
callide_valley,22/3/2005,13,32,20,1,19,0
callide_valley,22/3/2005,12,12,20,2,18,0
callide_valley,22/3/2005,11,54,20,1,19,0
callide_valley,22/3/2005,10,13,20,1,19,0
callide_valley,22/3/2005,8,41,20,0,20,0
callide_valley,8/6/2005,3,54,20,0,20,0
callide_valley,8/6/2005,4,33,20,0,20,0
callide_valley,8/6/2005,5,54,20,1,19,0
callide_valley,8/6/2005,6,7,20,2,18,0
callide_valley,8/6/2005,10,33,20,0,20,0
callide_valley,8/6/2005,11,54,20,1,19,0
callide_valley,8/6/2005,17,33,20,1,19,2
callide_valley,8/6/2005,18,54,20,0,20,0
callide_valley,8/6/2005,19,54,20,0,20,0
callide_valley,8/6/2005,20,33,20,0,20,0
callide_valley,8/6/2005,21,61,20,1,19,0
callide_valley,8/6/2005,22,54,20,0,20,0
callide_valley,8/6/2005,23,60,20,1,19,0
callide_valley,8/6/2005,24,33,20,1,19,0
callide_valley,14/9/2005,24,3,20,1,19,0
callide_valley,14/9/2005,23,11,20,1,19,4
callide_valley,14/9/2005,22,54,20,0,20,0
callide_valley,14/9/2005,21,11,20,0,20,2
callide_valley,14/9/2005,20,11,20,0,20,0
callide_valley,14/9/2005,19,54,20,0,20,0
callide_valley,14/9/2005,18,54,20,0,20,0
callide_valley,14/9/2005,17,33,20,0,20,0
callide_valley,14/9/2005,15,61,20,1,19,0
callide_valley,14/9/2005,13,11,20,0,20,0
callide_valley,14/9/2005,11,54,20,2,18,2
callide_valley,14/9/2005,10,33,20,1,19,1
callide_valley,14/9/2005,6,11,20,0,20,4
callide_valley,14/9/2005,5,54,20,1,19,0
callide_valley,14/9/2005,4,33,20,0,20,0
callide_valley,14/9/2005,3,54,20,0,20,0
callide_valley,26/10/2005,24,13,20,2,18,1
callide_valley,26/10/2005,23,11,20,1,19,1
callide_valley,26/10/2005,22,54,20,1,19,3
callide_valley,26/10/2005,21,31,20,3,17,0
callide_valley,26/10/2005,20,37,20,1,19,0
callide_valley,26/10/2005,19,54,20,1,19,0
callide_valley,26/10/2005,17,33,20,1,19,2
callide_valley,26/10/2005,16,54,20,0,20,0
callide_valley,26/10/2005,15,60,20,1,19,1
callide_valley,26/10/2005,13,37,20,0,20,3
callide_valley,26/10/2005,11,54,20,1,19,0
callide_valley,26/10/2005,10,37,20,1,19,0
callide_valley,26/10/2005,6,37,20,0,20,1
callide_valley,26/10/2005,5,54,20,1,19,0
callide_valley,30/11/2005,5,54,20,2,18,0
callide_valley,30/11/2005,6,13,20,5,15,0
callide_valley,30/11/2005,24,33,20,1,19,0
callide_valley,30/11/2005,23,37,20,0,20,0
callide_valley,30/11/2005,22,54,20,1,19,2
callide_valley,30/11/2005,21,37,20,0,20,1
callide_valley,30/11/2005,20,37,20,1,19,0
callide_valley,30/11/2005,19,54,20,0,20,0
callide_valley,30/11/2005,18,54,20,2,18,1
callide_valley,30/11/2005,17,33,20,2,18,0
callide_valley,30/11/2005,13,27,20,1,19,0
callide_valley,30/11/2005,12,37,20,1,19,0
callide_valley,30/11/2005,10,13,20,4,16,1
callide_valley,30/11/2005,11,54,20,2,18,0
callide_valley,30/11/2005,9,54,20,1,19,0
callide_valley,30/11/2005,8,37,20,0,20,4
callide_valley,24/1/2006,24,81,20,0,20,0
callide_valley,24/1/2006,23,14,20,0,20,0
callide_valley,24/1/2006,22,54,20,1,19,0
callide_valley,24/1/2006,21,51,20,0,20,0
callide_valley,24/1/2006,18,54,20,1,19,0
callide_valley,24/1/2006,17,52,20,1,19,0
callide_valley,24/1/2006,6,52,20,0,20,0
callide_valley,24/1/2006,4,33,20,1,19,1
callide_valley,12/4/2006,24,81,20,3,17,0
callide_valley,12/4/2006,18,54,20,0,20,0
callide_valley,12/4/2006,17,33,20,4,16,0
callide_valley,12/4/2006,15,60,20,1,19,0
callide_valley,12/4/2006,13,32,20,0,20,0
callide_valley,12/4/2006,12,37,20,1,19,0
callide_valley,12/4/2006,11,54,20,5,15,0
callide_valley,12/4/2006,10,33,20,1,19,0
callide_valley,12/4/2006,8,52,20,0,20,0
callide_valley,12/4/2006,6,16,20,1,19,0
callide_valley,12/4/2006,4,52,20,5,15,0
callide_valley,12/4/2006,3,54,20,1,19,0
callide_valley,23/5/2006,24,81,20,0,20,0
callide_valley,23/5/2006,23,7,20,0,20,0
callide_valley,23/5/2006,22,54,20,0,20,0
callide_valley,23/5/2006,21,7,20,0,20,0
callide_valley,23/5/2006,20,7,20,1,19,0
callide_valley,23/5/2006,19,54,20,0,20,0
callide_valley,23/5/2006,18,54,20,0,20,0
callide_valley,23/5/2006,17,7,20,2,18,0
callide_valley,23/5/2006,13,52,20,0,20,0
callide_valley,23/5/2006,11,54,20,3,17,0
callide_valley,23/5/2006,10,33,20,0,20,0
callide_valley,23/5/2006,6,16,20,2,18,0
callide_valley,23/5/2006,5,54,20,1,19,0
callide_valley,23/5/2006,4,51,20,0,20,0
callide_valley,23/5/2006,3,54,20,0,20,0
callide_valley,16/8/2006,23,11,20,0,20,2
callide_valley,16/8/2006,22,54,20,1,19,0
callide_valley,16/8/2006,21,11,20,0,20,1
callide_valley,16/8/2006,20,17,20,1,19,0
callide_valley,16/8/2006,19,54,20,0,20,0
callide_valley,16/8/2006,18,54,20,1,19,1
callide_valley,16/8/2006,17,17,20,0,20,0
callide_valley,16/8/2006,16,54,20,0,20,0
callide_valley,16/8/2006,13,7,20,1,19,2
callide_valley,16/8/2006,12,7,20,0,20,2
callide_valley,16/8/2006,10,33,20,0,20,0
callide_valley,16/8/2006,6,46,20,0,20,1
callide_valley,16/8/2006,4,51,20,1,19,0
callide_valley,16/8/2006,1,56,20,0,20,0
callide_valley,18/9/2006,23,11,20,4,16,3
callide_valley,18/9/2006,22,54,20,0,20,1
callide_valley,18/9/2006,21,11,20,0,20,1
callide_valley,18/9/2006,20,11,20,1,19,0
callide_valley,18/9/2006,19,54,20,0,20,0
callide_valley,18/9/2006,18,54,20,1,19,0
callide_valley,18/9/2006,17,17,20,0,20,1
callide_valley,18/9/2006,13,17,20,1,19,1
callide_valley,18/9/2006,12,17,20,1,19,2
callide_valley,18/9/2006,6,17,20,1,19,5
callide_valley,18/9/2006,5,54,20,0,20,0
callide_valley,14/2/2007,1,60,20,1,19,1
callide_valley,14/2/2007,2,54,20,0,20,0
callide_valley,14/2/2007,3,3,20,0,20,1
callide_valley,14/2/2007,4,54,20,0,20,0
callide_valley,14/2/2007,5,3,20,2,18,0
callide_valley,14/2/2007,6,55,20,1,19,0
callide_valley,14/2/2007,7,94,20,7,13,0
callide_valley,14/2/2007,8,22,20,0,20,0
callide_valley,14/2/2007,9,37,20,1,19,0
callide_valley,14/2/2007,10,94,20,12,8,0
callide_valley,14/2/2007,11,37,20,1,19,0
callide_valley,14/2/2007,12,94,20,2,18,0
callide_valley,14/2/2007,13,37,20,2,18,0
callide_valley,14/2/2007,15,54,20,1,19,2
callide_valley,14/2/2007,16,60,20,2,18,0
callide_valley,14/2/2007,17,37,20,0,20,1
callide_valley,21/5/2007,1,54,20,2,18,0
callide_valley,21/5/2007,2,61,20,1,19,0
callide_valley,21/5/2007,3,54,20,4,16,0
callide_valley,21/5/2007,4,43,20,1,19,1
callide_valley,21/5/2007,5,12,20,1,19,0
callide_valley,21/5/2007,6,33,20,1,19,1
callide_valley,21/5/2007,7,51,20,8,12,0
callide_valley,21/5/2007,8,22,20,12,8,0
callide_valley,21/5/2007,9,94,20,14,6,0
callide_valley,21/5/2007,10,54,20,1,19,0
callide_valley,21/5/2007,11,51,20,5,15,1
callide_valley,21/5/2007,12,54,20,3,17,0
callide_valley,21/5/2007,13,51,20,6,14,0
callide_valley,21/5/2007,15,60,20,2,18,0
callide_valley,21/5/2007,16,94,20,3,17,0
callide_valley,21/5/2007,17,7,20,2,18,0
callide_valley,21/5/2007,18,57,20,5,15,3
callide_valley,21/5/2007,19,51,20,1,19,0
callide_valley,21/5/2007,20,57,20,2,18,0
callide_valley,21/5/2007,21,2,20,2,18,1
callide_valley,21/5/2007,22,54,20,1,19,1
callide_valley,21/5/2007,23,72,20,1,19,0
callide_valley,21/5/2007,24,54,20,0,20,0
callide_valley,25/10/2007,1,67,20,1,19,0
callide_valley,25/10/2007,2,54,20,2,18,0
callide_valley,25/10/2007,3,54,20,1,19,1
callide_valley,25/10/2007,4,37,20,0,20,0
callide_valley,25/10/2007,5,70,20,3,17,3
callide_valley,25/10/2007,7,37,20,1,19,0
callide_valley,25/10/2007,8,54,20,0,20,0
callide_valley,25/10/2007,10,37,20,0,20,0
callide_valley,25/10/2007,11,54,20,1,19,0
callide_valley,25/10/2007,12,37,20,2,18,0
callide_valley,25/10/2007,15,54,18,1,17,0
callide_valley,25/10/2007,16,60,17,10,7,0
callide_valley,25/10/2007,17,37,20,0,20,0
callide_valley,25/10/2007,18,94,20,0,20,0
callide_valley,25/10/2007,19,37,20,0,20,0
callide_valley,25/10/2007,21,54,20,0,20,0
callide_valley,25/10/2007,23,37,20,9,11,2
callide_valley,25/10/2007,24,85,20,7,13,0
callide_valley,9/4/2008,1,54,20,1,19,1
callide_valley,9/4/2008,3,85,20,1,19,0
callide_valley,9/4/2008,10,37,20,0,20,0
callide_valley,9/4/2008,12,37,20,0,20,0
callide_valley,9/4/2008,15,54,20,0,20,0
callide_valley,9/4/2008,17,37,20,1,19,0
callide_valley,9/4/2008,19,37,20,0,20,0
callide_valley,9/4/2008,21,12,20,1,19,0
callide_valley,9/4/2008,8,37,20,0,20,0
callide_valley,8/5/2008,21,12,20,0,20,0
callide_valley,8/5/2008,22,54,20,3,17,3
callide_valley,8/5/2008,19,7,20,0,20,0
callide_valley,8/5/2008,17,7,20,0,20,0
callide_valley,8/5/2008,18,54,20,0,20,0
callide_valley,8/5/2008,12,37,20,1,19,0
callide_valley,8/5/2008,13,55,20,0,20,0
callide_valley,8/5/2008,10,37,20,0,20,0
callide_valley,8/5/2008,11,54,20,0,20,0
callide_valley,8/5/2008,7,37,20,1,19,0
callide_valley,8/5/2008,3,71,20,3,17,0
callide_valley,8/5/2008,1,60,20,1,19,1
callide_valley,8/5/2008,2,54,20,2,18,1